ID,Serving,Preparation_Time,Difficulty,Ingredient,Condiment
7059443,4인분,30분 이내,아무나,재료 없음,양념 없음
7059442,1인분,10분 이내,아무나,재료 없음,양념 없음
7059441,1인분,10분 이내,아무나,재료 없음,양념 없음
7059440,3인분,20분 이내,아무나,재료 없음,양념 없음
7059439,3인분,10분 이내,초급,재료 없음,양념 없음
7059438,6인분 이상,30분 이내,초급,재료 없음,양념 없음
7059437,1인분,20분 이내,아무나,재료 없음,양념 없음
7059436,1인분,20분 이내,아무나,재료 없음,양념 없음
7059435,1인분,20분 이내,아무나,재료 없음,양념 없음
7059434,1인분,60분 이내,아무나,재료 없음,양념 없음
7059433,1인분,30분 이내,초급,재료 없음,양념 없음
7059431,2인분,30분 이내,중급,재료 없음,양념 없음
7059430,6인분 이상,2시간 이상,고급,재료 없음,양념 없음
7059429,2인분,30분 이내,초급,재료 없음,양념 없음
7059428,5인분,15분 이내,아무나,재료 없음,양념 없음
7059427,1인분,15분 이내,아무나,재료 없음,양념 없음
7059426,1인분,5분 이내,아무나,[재료]오이1개구매풋사과1개구매물150ml구매,양념 없음
7059425,2인분,15분 이내,아무나,[재료]사워도우2쪽구매복숭아1개구매피스타치오스프레드크림치즈로 대체 가능약간구매올리브오일약간구매후추구매루꼴라1줌구매잠봉5장구매,양념 없음
7059424,2인분,15분 이내,아무나,[재료]소고기육전용360g구매계란4알구매후추구매부침가루구매파채2줌구매간장0.5구매참치액젓1구매설탕1구매참기름살짝구매고춧가루0.5구매,양념 없음
7059423,2인분,15분 이내,아무나,[재료]멸치150g구매마늘1T구매맛술1T구매간장1/2T구매설탕2T구매청양고추취향따라 조절3개구매깨소금구매물엿약간구매,양념 없음
7059422,2인분,20분 이내,아무나,[재료]쑥갓70g구매사각어묵2장구매쪽파1줌구매당근1/3개구매청양고추2개구매홍고추2개구매달걀3개구매튀김가루2T구매소금약간구매후추약간구매,양념 없음
7059421,2인분,30분 이내,초급,[재료]가지2개구매돼지고기다짐육150g구매간장1tsp구매미림1tsp구매다진 마늘1tsp구매전분가루구매다진파1tsp구매후추구매,양념 없음
7059420,2인분,10분 이내,아무나,[재료]냉동 핫도그2개구매체다치즈2장구매모짜렐라치즈1줌구매양배추2줌구매케찹약간구매마요네즈약간구매,양념 없음
7059418,4인분,30분 이내,아무나,[재료]냉동새우1봉지구매밀가루3스푼구매튀김가루1컵이상구매물구매식용유구매,양념 없음
7059417,3인분,30분 이내,초급,[재료]가지3개구매[양념]소금2T구매간장1T구매다진마늘0.5T구매다진파1T구매깨1T구매,양념 없음
7059416,4인분,60분 이내,초급,[재료]돼지고기500g구매양파1/2개구매홍고추1개구매꽈리고추80g구매파1개구매[양념]다진마늘1T구매후추2T구매와인1T구매간장1T구매포도즙1T구매,양념 없음
7059415,5인분,20분 이내,초급,[재료]미역100g구매오이1개구매[양념]다진파1T구매다진마늘1T구매고춧가루1T구매간장1T구매깨1T구매,양념 없음
7059414,4인분,30분 이내,초급,[재료]소고기80g구매양파1개구매새송이버섯1개구매당근1/2개구매호박1/2개구매계란2개구매케첩20g구매,양념 없음
7059413,4인분,60분 이내,중급,[속재료]양파1개구매당근1/2개구매고추1개구매다진돼지고기300g구매홍고추1개구매계란2개구매후추1T구매다진마늘1T구매깨1T구매[재료]고추5개구매피망2개구매밀가루100g구매계란5개구매,양념 없음
7059412,4인분,120분 이내,아무나,[재료]무염버터100g구매설탕60g구매소금1g구매레몬제스트1개구매계란2개구매박력분110g구매베이킹파우더2g구매레몬즙15g구매[아이싱]슈가파우더100g구매레몬즙17g구매[토핑]피스타치오 분태적당량구매,양념 없음
7059411,2인분,15분 이내,아무나,[재료]오이1/2개구매파프리카빨랑 노랑구매무순약간구매[소스]마요네즈2T구매간장0.5T구매들기름0.5T구매통깨약간구매,양념 없음
7059410,4인분,20분 이내,아무나,[재료]수박400g구매후르츠캔432g구매밀키스250ml구매연유취향껏 or 꿀구매과일선택사항구매,양념 없음
7059409,2인분,30분 이내,아무나,[재료]생연어300g구매날치알30g구매맛술0.5구매곱창김1~2장구매[소스(계량:숟가락)]스리라차 소스1구매마요네즈2구매소금1꼬집 ​구매,양념 없음
7059408,4인분,30분 이내,초급,[재료]계란10개구매대파1대구매양파1/2개구매청양고추2개구매파프리카1/2개구매조각다시마3장구매식초1T구매소금1T구매[양념장]양조간장1컵구매다시마물1컵구매참치액3T구매미림3T구매올리고당3T구매설탕3T구매통깨1T구매,양념 없음
7059407,6인분 이상,60분 이내,초급,[재료 (계량 : 밥숟가락 계량컵)]고형카레바몬드6인분구매부챗살250g구매감자1개구매양파2개구매당근1/2개구매식용유2구매물850ml구매,양념 없음
7059406,4인분,30분 이내,아무나,[재료]수미 감자중간사이즈5개구매다진마늘1큰술구매양파1/2개구매청양고추생략가능1개구매진간장3큰술구매굴소스1/2큰술구매물엿2큰술구매매실청1/2큰술구매물1/2컵구매식용유1큰술구매들기름1큰술구매통깨약간구매후추약간구매,양념 없음
7059405,2인분,30분 이내,아무나,[주 재료]알배추250g구매무200g구매소고기 양지150g구매대파1대구매홍고추1/2개구매물1.2L구매다시육수팩1개구매[된장양념 재료]된장3T구매고추장1/2T구매맛술2T구매다진마늘1T구매,양념 없음
7059404,2인분,30분 이내,아무나,[재료]연근400g구매식용유종이컵3컵구매땅콩분태약간구매[튀김반죽 재료]튀김가루종이컵2컵구매물종이컵2컵구매감자전분2T구매[강정소스 재료]고춧가루1T구매양조간장2T구매맛술2T구매물2T구매설탕1T구매물엿2T구매다진마늘1/2T구매,양념 없음
7059403,1인분,30분 이내,초급,[재료]스파게티면1인분80~100g구매올리브오일15ml구매페페론치노1개구매새우5~8마리구매편마늘15g구매소금구매레몬즙구매조미김구매올리브오일구매,양념 없음
7059402,2인분,20분 이내,아무나,[재료]식빵4장구매버터20g구매다진 마늘10g구매알룰로스또는 꿀10g구매슬라이스햄2장구매슬라이스치즈2장구매계란2개구매모짜렐라치즈적당량구매,양념 없음
7059401,4인분,60분 이내,아무나,[재료]옥수수구매소금구매설탕구매물구매,양념 없음
7059400,4인분,30분 이내,초급,볼구매냄비구매채반구매도마구매조리용나이프구매채칼구매계량스푼구매소스볼구매위생장갑구매접시구매,양념 없음
7059399,2인분,30분 이내,아무나,[재료]닭다리살2조각구매양파1/2개구매파프리카당근1개구매당면1줌구매[양념 재료]채수코인육수200ml구매간장2T구매참기름1T구매맛술1T구매아가베시럽1.5T구매후추약간구매,양념 없음
7059398,정보 없음,정보 없음,아무나,[주 재료]오크라4~5개구매봉어묵가운데 구멍뚫린것으로 준비4~5개구매[양념장 재료]양념장3큰술구매물3큰술구매맛술1큰술구매알룰로스 가루1작은술구매고춧가루생략가능1/2큰술구매당근채생략가능1/2개구매대파생략가능1/2개구매,양념 없음
7059397,4인분,20분 이내,아무나,[재료]고형카레4인분구매감자작은사이즈6개구매당근1/2개구매물구매오일구매양파1개구매돼지고기 다짐육150g구매,양념 없음
7059396,1인분,20분 이내,아무나,[주 재료]사과1개구매통깨구매[양념재료]고춧가루2/3큰술구매간마늘1/2큰술구매쪽파2큰술구매액젓저는 참치액젓을 사용했어요1/2큰술구매꿀1/2큰술구매매실청1/2큰술구매,양념 없음
7059395,1인분,15분 이내,아무나,[재료]초당옥수수2개구매스파게티면80g구매휘핑크림200ml구매그라노파다노치즈2T구매베이컨3줄구매소금약간구매버터15g구매루꼴라생략 가능약간구매,양념 없음
7059394,4인분,60분 이내,초급,[재료]감자작은 사이즈7~8개구매물1L구매소금0.5큰술구매올리브유3~4큰술구매소금소량구매파슬리또는 치즈가루 선택구매,양념 없음
7059393,4인분,30분 이내,초급,[재료]신김치1/4포기구매돼지고기 앞다리살300~400g구매대파1대구매양파1/3개구매식용유2큰술구매미림1큰술구매후추소량구매설탕1.5큰술구매고춧가루1.5큰술구매진간장2큰술구매참치액1큰술구매다진마늘1큰술구매참기름1큰술구매깨적당량구매,양념 없음
7059392,2인분,30분 이내,아무나,[재료]돼지고기찌개용150g구매모둠야채찌개용100g구매두부100g구매매운콩나물어묵국물4국자구매물300ml구매[매운콩나물어묵국물재료]쭈꾸미볶음남은양념국물4큰술구매고추장1큰술구매고춧가루7큰술구매양조간장3큰술구매멸치액젓1큰술구매물엿2큰술구매썬파2큰술구매꽃게육수2알구매멸치다시마육수2알구매물1.5L구매대파1대구매,양념 없음
7059391,2인분,15분 이내,초급,[재료]한우 육회용우둔살이나 사태250g구매밥2공기구매계란 노른자2개구매오이4cm1토막구매상추4-5장구매깻잎4-5장구매빨간 파프리카1/4개구매노란 파프리카1/4개구매참기름약간구매참깨약간구매[육회 밑간용]양조간장2스푼구매설탕2/3스푼구매참기름1스푼구매다진마늘1스푼구매후추약간구매참깨약간구매[고추장 양념]고추장2스푼구매참기름1티스푼구매설탕1/2티스푼구매,양념 없음
7059390,4인분,60분 이내,초급,[마늘무침 (Steamed Garlic Salad)재료(]깐마늘100g peeled garlic100g구매고추장1 tbsp red chili paste1숟가락구매고춧가루1 tbsp red chili flakes1숟가락구매매실청1 tbsp plum syrup1숟가락구매참기름a bit of sesame oil구매깨소금esame seeds약간구매[숙주 크래미무침 (Bean Sprout & Imitat]숙주200g mung bean sprouts200g구매크래미5 imitation crab sticks5개구매멸치액젓1 tbsp anchovy sauce1숟가락구매마늘a bit of garlic구매참기름sesame oil구매깨소금sesame seeds약간구매[가지나물 (Steamed Eggplant Salad) ]가지2 eggplants2개구매청홍초1 tbsp green & red chili vinegar or pepper vinegar1숟가락구매마늘구매참기름구매깨소금a bit of garlic/ sesame oil/ sesame seeds약간구매멸치액젓1 tbsp anchovy sauce1숟가락구매[새송이버섯나물 (Steamed King Oyster M]새송이버섯2 king oyster mushrooms2개구매멸치액젓1 tbsp anchovy sauce1숟가락구매청홍초1 tbsp green & red chili vinegar or pepper vinegar1숟가락구매마늘a bit of garlic구매참기름sesame oil구매깨소금sesame seeds약간구매,양념 없음
7059389,1인분,20분 이내,아무나,[재료]고구마아이들 양에 맞춰서 준비1~3개구매물1~2큰술구매전분가루2큰술구매설탕5~6큰술구매식용유적당량구매,양념 없음
7059388,2인분,5분 이내,아무나,[오이미역냉국 레시피 (Cucumber & Seaweed]미역1/2 cup dried seaweed1/2컵구매오이1/2 cucumber1/2개구매시판 냉면육수1pack cold noodle broth 300g1봉구매홍고추1 red chili pepper1개구매멸치액젓1 tbsp anchovy fish sauce1숟가락구매통깨a pinch of roasted sesame seeds약간구매마늘a little garlic약간구매,양념 없음
7059387,6인분 이상,60분 이내,초급,[재료]말린무200g구매홍고추또는 청양고추3~4개구매대파1대구매육수1컵구매[양념재료]고춧가루5큰술구매진간장8큰술구매국간장3큰술구매멸치액젓2큰술구매설탕3큰술구매물엿5큰술구매매실청3큰술구매다진마늘2큰술구매깨2큰술구매,양념 없음
7059386,2인분,60분 이내,아무나,[주재료]닭볶음탕용 닭1kg구매감자2개구매양파1개구매청양고추4개구매대파구매[양념]진간장0.5컵구매소주3스푼구매고춧가루5스푼구매설탕3스푼구매맛술2스푼구매고추장1스푼구매카레 가루2스푼구매후추구매,양념 없음
7059385,1인분,30분 이내,아무나,[주 재료]부추150g구매양파1/2개구매청고추2개구매홍고추2개구매[양념재료]양조간장100ml구매참치액3큰술구매맛술3큰술구매매실액2큰술구매알룰로스1큰술구매들기름1큰술구매다진마늘1/2큰술구매통깨2큰술구매,양념 없음
7059384,3인분,30분 이내,아무나,[재료]감자30g * 10개 분량의 큐브2개구매쌀가루이유식 중기60g구매닭고기 큐브30g구매육수닭고기 육수 큐브300g구매,양념 없음
7059383,1인분,15분 이내,아무나,[재료]콘치즈1캔340g구매양파1/6구매피자치즈취향껏 준비100g구매버터20g구매설탕1T구매마요네즈3T구매파슬리가루소량구매,양념 없음
7059382,2인분,20분 이내,아무나,[재료]백진미채200g구매파슬리가루소량구매버터취향껏 조절30g구매마요네즈1T구매설탕1T구매땅콩버터듬뿍1T구매,양념 없음
7059381,3인분,30분 이내,아무나,[재료]한우 불고기용200g구매달걀2개구매쌀가루2큰술구매소금선택사항약간구매[파채 무침]대파1개구매고춧가루1큰술구매간장2큰술구매멸치액젓1/2큰술구매다진마늘1/2큰술구매참기름1큰술구매,양념 없음
7059380,2인분,15분 이내,아무나,[재료]미니단호박1개구매양파1/2개구매버터15g구매우유300ml구매,양념 없음
7059379,2인분,30분 이내,아무나,[재료]고향 만두20개구매대파1/2대구매양파1/4개구매홍고추1개구매청양고추1개구매식용유적당량구매[깐풍소스]설탕2스푼구매식초2스푼구매진간장2스푼구매굴소스1스푼구매케첩1스푼구매다진 마늘1스푼구매물100ml구매,양념 없음
7059378,2인분,15분 이내,아무나,[필요한 재료]감자2개구매두부1/2모구매소금1/2작은술구매대파5cm구매당근1/5개구매청양고추선택1/2개구매양파작은거1/2개구매모짜렐라치즈1/2컵구매체다치즈1장구매[반죽 재료]계란2개구매전분가루1큰술구매참기름1작은술구매참치액1작은술구매소금선택2~3꼬집구매,양념 없음
7059377,4인분,20분 이내,아무나,[재료]계란7개구매소금5꼬집구매대파1/4대구매양파1/6개구매체다치즈2장구매당근약간구매식용유적당량구매,양념 없음
7059376,2인분,60분 이내,중급,[반죽 재료 (4인분 기준)]밀가루3컵구매꽃소금1/2큰술구매물따뜻한 물1+1/3컵구매참기름1큰술구매,양념 없음
7059375,4인분,30분 이내,아무나,[재료]식빵8장구매비엔나소시지24개구매계란2개구매빵가루적당량구매식용유넉넉하게구매[곁들임 소스]설탕적당량구매케첩적당량구매마요네즈적당량구매,양념 없음
7059374,3인분,60분 이내,아무나,[재료]절단 닭900g구매대파1대구매양파1/2개구매감자3개구매당근1/2개구매청양고추4개구매홍고추1/2개구매물900ml구매통깨약간구매[양념]설탕3스푼구매진간장3스푼구매굴소스3스푼구매멸치액젓2스푼구매다진마늘2스푼구매생강가루1/4스푼구매참기름1스푼구매후추약간구매[닭 데치기]월계수잎3장구매[사리 추가]당면100g구매떡볶이떡1줌구매,양념 없음
7059373,2인분,60분 이내,초급,[재료(1작은술=5ml)]계란4개구매미림1큰술구매쪽파30g구매당근30g구매멸치육수130ml구매새우젓1작은술구매,양념 없음
7059372,1인분,20분 이내,아무나,[재료]총각김치1종이컵구매밥210g구매대파1/4대구매양파1/4개구매베이컨2~3줄구매식용유2스푼구매통깨약간구매[양념]진간장1/2스푼구매고추장1/2스푼구매굴소스1/2스푼구매,양념 없음
7059371,2인분,20분 이내,아무나,[재료]스파게티200g구매가지3개구매토마토파스타소스250g구매올리브유4큰술구매깻잎6장구매후추1/4작은술구매소금2꼬집구매굵은소금면 삶을 때1큰술구매,양념 없음
7059370,4인분,30분 이내,아무나,[재료]감자4개구매베이컨5줄구매청양고추4개구매체다치즈4~8장구매식용유적당량구매[반죽]부침가루3스푼구매소금2꼬집구매,양념 없음
7059369,2인분,30분 이내,아무나,[재료]또띠아2장구매모짜렐라치즈150g구매토마토소스2큰술구매깻잎페스토페스토 종류는 상관 없음구매옥수수1.5큰술구매올리브유1큰술구매파슬리솔솔구매[당근라페]당근1개구매소금1/2티스푼구매레몬즙1큰술구매꿀1큰술구매올리브유1큰술구매홀그레인머스타드1큰술구매,양념 없음
7059368,4인분,30분 이내,아무나,[재료]참치캔85g 2개170g구매대파1/4대구매양파1/6개구매당근약간구매표고버섯2개구매두부150g구매식용유적당량구매[반죽]계란3개구매부침가루2스푼구매소금3꼬집구매,양념 없음
7059367,2인분,60분 이내,아무나,[재료]파프리카노랑/빨강 각각 준비1/2개구매아보카도1개구매미니오이3개구매깻잎8장구매단무지약간구매흰 밥1/2공기구매롤유부8장구매,양념 없음
7059366,2인분,30분 이내,아무나,[재료소개]오이160g구매양파40g구매소금1작은술구매[양념 (1큰술=15ml/1작은술=5ml)]​간장1큰술구매식초0.5큰술구매다진마늘0.5큰술구매참기름1큰술구매,양념 없음
7059365,4인분,60분 이내,고급,[전복톳밥 재료]맵쌀2컵구매찹쌀1/2컵구매녹두1컵구매전복10개구매톳1줌구매물전복껍질 끓인 물5컵구매[전복톳밥 양념장]간장3수저구매참치액젓1수저구매고추가루1/2수저구매다진마늘1수저구매참기름1수저구매통깨1수저구매설탕2수저구매대파1뿌리구매청양고추3개구매홍고추1개구매양파1/4개구매,양념 없음
7059364,2인분,30분 이내,초급,[재료소개]​감자260g구매당근30g구매양파80g구매스팸50g구매오이40g구매[드레싱재료 (*1큰술=15ml)]​ 마요네즈100g구매머스터드0.5큰술구매버터10g구매소금1꼬집구매,양념 없음
7059363,2인분,20분 이내,초급,[재료(*1큰술=15ml)]파인애플130g구매대파50g구매칵테일새우50g구매당근30g구매버터10g구매굴소스1큰술구매액젓0.5큰술구매밥200g구매,양념 없음
7059362,6인분 이상,10분 이내,아무나,[재료]꼬들치자 단무지135g구매대파10g구매다진 마늘0.3큰술구매고춧가루0.7큰술구매식초1큰술구매참기름0.5큰술구매통깨솔솔솔구매,양념 없음
7059361,4인분,60분 이내,아무나,[재료]닭볶음탕용600g구매닭다리400g구매양파110g구매대파15g구매감자205g3개구매홍고추10g1개구매물600ml구매통깨솔솔솔구매[닭볶음탕 양념 레시피]다진 마늘1큰술구매황설탕2큰술구매고춧가루2큰술구매진간장80ml구매[닭 데치기]물1.2L구매소주30ml구매,양념 없음
7059360,4인분,20분 이내,초급,[재료]황태채적당량구매무1토막구매만두1팩구매사골육수2개구매둥근호박11/7개구매당근1/8개구매양파1/2개구매대파1개구매달걀4개구매청양고추2개구매조미김1장구매,양념 없음
7059359,3인분,15분 이내,초급,[재료]호박잎10여장구매보리새우1/2컵구매양파1/3개구매청양고추3개구매튀김가루2컵구매달걀1개구매새우가루1스푼구매물300ml구매국간장0.5스푼구매식용유약간구매,양념 없음
7059358,3인분,15분 이내,초급,[재료]신김치250g구매고추참치1캔구매사골코인육수2개구매양파1/2개구매대파1개구매청양고추3개구매물800ml구매황설탕1티스푼구매김칫국물50ml구매멸치액젓1스푼구매새우젓0.3스푼구매후추약간구매,양념 없음
7059357,2인분,10분 이내,초급,[재료]방아1소쿠리구매홍고추1개구매[나물 삶기]소금1스푼구매[양념]들기름1스푼구매된장0.3스푼구매매실청1스푼구매다진마늘0.5스푼구매깨소금0.5스푼구매,양념 없음
7059356,2인분,10분 이내,초급,[재료]순두부1봉지구매신김치1/2컵구매양파1/3개구매대파1/3개구매청양고추2개구매쌀뜨물300ml구매[양념]들기름1스푼구매다진마늘0.3스푼구매고춧가루1.5스푼구매황설탕1티스푼구매분말육수or 코인육수1봉구매김칫국물1스푼구매국간장0.5스푼구매맛술1스푼구매멸치액젓0.3스푼구매후추약간구매,양념 없음
7059348,3인분,20분 이내,아무나,[재료]땅콩500ml구매물150ml구매진간장2T구매굴소스1T구매꿀1T구매물엿1T구매참기름1T구매,양념 없음
7059347,2인분,20분 이내,아무나,[재료]캔골뱅이1캔구매파스타면150g구매양파1/2개구매대파1/2대구매청양고추2개구매[얼큰소스양념]토마토소스3T구매고추장1T구매다진 마늘1T구매아보카도오일2T구매소금0.5t구매후추0.5t구매,양념 없음
7059346,4인분,30분 이내,아무나,[재료]닭다리살1팩구매물800ml구매대파2대구매코인육수1개구매천일염1t구매후추1t구매,양념 없음
7059345,3인분,30분 이내,아무나,[재료]반건시 곶감6개구매크림치즈3T구매호두3개구매,양념 없음
7059344,2인분,15분 이내,아무나,[재료]밥2공기구매스팸1/2개구매계란2개구매양파1/2개구매대파1/3개구매청양고추2개구매마요네즈1t구매[스팸 소스 양념]진간장2t구매케첩1t구매참기름1t구매설탕1t구매,양념 없음
7059343,3인분,20분 이내,아무나,[재료]쌀떡볶이떡800g구매고추장1t구매진간장1T구매케첩2T구매설탕1t구매아보카도유1T구매깨소금1t구매,양념 없음
7059342,2인분,60분 이내,초급,[재료]무1.2kg구매대파1대구매굵은소금절임용2큰술구매뉴슈가절임용1/2작은술구매사과120g구매양파40g구매찬밥2큰술구매액젓2.5큰술구매새우젓1큰술구매매실청2큰술구매통마늘12알구매생강편1조각구매홍고추1개구매고춧가루5큰술구매,양념 없음
7059341,정보 없음,정보 없음,아무나,[재료]수박구매,양념 없음
7059340,3인분,20분 이내,아무나,[재료]쌀300ml구매물300ml구매콩나물150ml구매돼지고기다짐육200g구매참타리버섯50g구매참기름1T구매진간장2T구매굴소스1t구매설탕1t구매,양념 없음
7059339,정보 없음,정보 없음,아무나,[재료]숙주200g구매미나리약간구매굵은소금1큰술구매다진마늘0.5큰술구매국간장1큰술구매참치액1큰술구매참기름1큰술구매깨약간구매,양념 없음
7059338,정보 없음,정보 없음,아무나,[재료]양파1/4개구매대파약간구매고추2개구매간장6숟가락구매고춧가루2숟가락구매알룰로스2숟가락구매깨듬뿍구매,양념 없음
7059337,정보 없음,정보 없음,아무나,[재료]잔멸치60g구매간장0.5스푼구매알룰로스2스푼구매맛술1스푼구매하루 견과류1봉지구매참기름1스푼구매깨약간구매,양념 없음
7059336,정보 없음,정보 없음,아무나,[재료]밥구매짜장소스구매양파구매당근구매,양념 없음
7059335,정보 없음,정보 없음,아무나,[재료]오이1/2개구매양파1/4개구매홍고추1개구매물1L구매식초10큰술구매알룰로스8큰술구매참치액2큰술구매소금1큰술구매,양념 없음
7059334,정보 없음,정보 없음,아무나,[재료]찬밥1공기구매당근1/5개구매양파1/2개구매소금약간구매후추약간구매,양념 없음
7059333,정보 없음,정보 없음,아무나,[재료]동그란어묵5~6개구매양파1/2개구매당근약간구매간장3숟가락구매알룰로스1.5숟가락구매다진마늘1숟가락구매참기름1숟가락구매후추약간구매깨약간구매,양념 없음
7059332,정보 없음,정보 없음,아무나,[재료]떡넉넉히구매후랑크소시지2개구매양파1/2개구매청경채1개구매유부3개구매대파약간구매봉어묵2.5개구매새우10마리구매멸치다시마육수350ml구매고춧가루1큰술구매[양념]고추장1큰술구매다진마늘1큰술구매굴소스1큰술구매알룰로스2큰술구매마라소스3큰술구매,양념 없음
7059331,정보 없음,정보 없음,아무나,[재료]두부1모구매계란1알구매소금약간구매,양념 없음
7059330,정보 없음,정보 없음,아무나,[재료]파프리카구매된장1스푼구매고추장0.5스푼구매다진마늘0.5스푼구매알룰로스0.5스푼구매참기름1스푼구매깨약간구매,양념 없음
7059329,정보 없음,정보 없음,아무나,[재료]두부300g구매청경채1.5개구매홍고추1개구매소금두부밑간용약간구매[양념]간장2큰술구매굴소스0.5큰술구매알룰로스1큰술구매물4큰술구매참기름약간구매후추약간구매깨약간구매,양념 없음
7059328,정보 없음,정보 없음,아무나,[재료]닭2마리구매전복3마리구매한방약재80g구매양파1개구매통마늘적당량구매은행약간구매대파약간구매소금약간구매후추약간구매,양념 없음
7059327,정보 없음,정보 없음,아무나,[재료]밥2공기구매오이1개구매계란4알구매참치90g구매굵은소금오이세척용구매[소스]간장4큰술구매식초1큰술구매알룰로스1큰술구매참기름1큰술구매깨약간구매,양념 없음
7059326,정보 없음,정보 없음,아무나,[재료]황태채30g구매무150g구매물황태채불린 물200ml구매멸치다시마육수600ml구매계란1알구매들기름1큰술구매다진마늘1큰술구매참치액1큰술구매후추약간구매대파약간구매소금약간구매,양념 없음
7059325,정보 없음,정보 없음,아무나,[재료]김치1밥공기구매양파1/4개구매고추2개구매새우10마리구매알룰로스1큰술구매참치액1큰술구매부침가루구매,양념 없음
7059324,정보 없음,정보 없음,아무나,[재료]도토리묵1개구매오이1/2개구매양파1/2개구매상추10장구매당근약간구매간장1큰술구매들기름1큰술구매[도토리묵무침 양념장]간장2큰술구매참치액1큰술구매고춧가루2큰술구매식초2큰술구매알룰로스1큰술구매다진마늘1큰술구매들기름1큰술구매깨약간구매,양념 없음
7059323,정보 없음,정보 없음,아무나,[재료]신비복숭아구매유러피안샐러드구매엑스트라버진올리브오일구매발사믹글레이즈구매,양념 없음
7059322,정보 없음,정보 없음,아무나,[재료]가지1개구매부침가루3큰술구매참치액1큰술구매소금약간구매[가지전 양념장]간장1큰술구매식초0.5큰술구매알룰로스0.5큰술구매,양념 없음
7059321,정보 없음,정보 없음,아무나,[재료]대파구매,양념 없음
7059320,정보 없음,정보 없음,아무나,[재료]계란4알구매부추약간구매미림1큰술구매쯔유1큰술구매소금1꼬집구매참기름약간구매깨약간구매,양념 없음
7059319,정보 없음,정보 없음,아무나,[재료]밥1공기구매조미김2개구매소금2꼬집구매단무지조금구매참기름약간구매깨약간구매,양념 없음
7059318,정보 없음,정보 없음,아무나,[재료]두부260g구매양파1/4개구매고추1~2개구매된장크게1큰술구매고추장0.5큰술구매참기름약간구매대파약간구매깨약간구매[깻잎쌈밥 재료]소금1꼬집구매참기름약간구매깻잎구매밥구매,양념 없음
7059317,정보 없음,정보 없음,아무나,[재료]파인애플구매,양념 없음
7059316,정보 없음,정보 없음,아무나,[재료]당면250g구매부추100g구매버섯120g구매파프리카1/2개구매양파1/2개구매소금약간구매[양념]간장10큰술구매알룰로스2.5큰술구매물100ml구매후추약간구매깨약간구매참기름구매,양념 없음
7059315,정보 없음,정보 없음,아무나,[재료]김치구매,양념 없음
7059314,정보 없음,정보 없음,아무나,[재료]가지2개구매양파1/5개구매파프리카약간구매소금약간구매토마토소스구매모짜렐라치즈듬뿍구매,양념 없음
7059313,정보 없음,정보 없음,아무나,[재료]자두구매,양념 없음
7059312,정보 없음,정보 없음,아무나,[재료]무200g구매다진마늘1큰술구매들기름2큰술구매물3큰술구매깨약간구매대파약간구매굵은소금약간구매,양념 없음
7059311,정보 없음,정보 없음,아무나,[재료]애플망고구매,양념 없음
7059310,2인분,20분 이내,초급,[재료]라이스페이퍼6장구매피자치즈1봉구매햄약간구매올리브오일약간구매파슬리가루약간구매,양념 없음
7059309,2인분,2시간 이상,중급,[재료]돼지고기 앞다리살600g1근구매소금1스푼구매,양념 없음
7059308,6인분 이상,30분 이내,초급,[재료]청양고추230g구매중멸치30g구매홍고추2개구매양파1/2개구매다진마늘1T구매식용유2T구매된장1T구매멸치액젓1T구매,양념 없음
7059307,2인분,20분 이내,초급,[재료]오이1개구매순두부1팩구매홍고추1/2개구매청양고추1/2개구매[양념]진간장2스푼구매물1스푼구매알룰로스올리고당2스푼구매다진마늘1/2스푼구매고춧가루1스푼구매참기름1스푼구매통깨약간구매,양념 없음
7059306,2인분,20분 이내,초급,[재료]튀김가루1/2컵구매차가운 생수1/2컵구매가지1개구매흰다리새우8마리구매후추약간구매,양념 없음
7059305,4인분,90분 이내,중급,[빠에야 재료]부채살300g구매양파1개구매파프리카1개구매토마토3개구매마늘3개구매쌀3컵구매올리브유적당량구매소금적당량구매후추적당량구매[소스류]빠에야시즈닝1개구매비프스톡 육수500ml구매,양념 없음
7059304,6인분 이상,60분 이내,아무나,[매운 닭개장 재료]닭가슴살500g구매다진마늘1큰술구매물2L구매양파1개구매팽이버섯2봉지구매참타리버섯1봉지구매고추기름3큰술구매다시마맛간장3큰술구매참치액3큰술구매연두3큰술구매청양고추적당량구매고구마줄기적당량구매고사리적당량구매토란대적당량구매쪽파적당량구매무약간구매,양념 없음
7059303,3인분,60분 이내,초급,[재료]쌀1.5컵구매건가지1컵구매소고기양지100g구매은행선택30알구매물300ml1.5컵구매소금밥 간1/2작은술구매[소고기 밑간]참기름1/2큰술구매진간장1큰술구매맛술1큰술구매후춧가루1꼬집구매[가지밥 양념장]고춧가루1큰술구매다진 마늘1/2큰술구매다진 대파1큰술구매다진 청양고추선택1개구매국간장1큰술구매진간장1큰술구매물1큰술구매통깨1작은술구매참기름1/2큰술구매,양념 없음
7059302,2인분,30분 이내,초급,[가지덮밥재료]가지570g구매다진 소고기100g구매양파1/2개구매대파1/2대구매청양고추2개구매홍고추1개구매전분물2T구매식용유조금구매[양념 재료]양조간장1T구매맛술2T구매굴소스1T구매다진마늘1T구매생강청1/2t구매참치액1/2T구매참기름1T구매원당1/2T구매감자전분2T구매후춧가루조금구매,양념 없음
7059301,1인분,5분 이내,아무나,[과일듬뿍 치아씨드 요거트볼 재료]살구2개구매키위1개구매치아씨드1/2큰술구매그래놀라적당량구매수박적당량구매요거트듬뿍구매,양념 없음
7059300,3인분,10분 이내,아무나,[새우 순두부찌개 재료]블랙타이거새우200g구매순두부1봉지구매물500ml구매양념순두부양념1봉지구매청양고추3개구매양파1/2개구매쪽파3줄구매연두1큰술구매매운 고춧가루약간구매,양념 없음
7059299,2인분,15분 이내,아무나,[재료]다진마늘1/2큰술구매버터1개구매마요네즈1큰술구매소금조금구매스테비아1큰술구매슬라이스치즈4장구매식빵4장구매모짜렐라치즈듬뿍구매,양념 없음
7059298,6인분 이상,60분 이내,아무나,[김치만두 재료]쪽파4줄기구매숙주1봉지구매두부1모구매김치1/2포기구매계란3개구매소금조금구매후추조금구매만두피구매,양념 없음
7059297,1인분,20분 이내,초급,[재료]밥210g구매참치85g구매묵은지1/4포기구매소금1t구매참기름1t구매깻잎4장구매마요네즈3T구매후추1t구매,양념 없음
7059296,4인분,30분 이내,초급,[재료]바지락800g구매두부1/2모구매대파1대구매청양고추1개구매홍고추1개구매물1.5L구매[양념]멸치액젓1T구매다진마늘1T구매,양념 없음
7059294,2인분,20분 이내,초급,[재료]하링5-6쪽구매밥2공기구매와사비적당히구매[양파 초절임]양파1/4개구매식초1티스푼구매설탕1티스푼구매레몬즙1티스푼구매소금1/2티스푼구매[단촛물]식초3티스푼구매설탕2티스푼구매소금1티스푼구매[타르타르소스 ]삶은 계란1개구매마요네즈2큰술구매꿀1티스푼구매소금1꼬집구매후추약간구매[연한 와사비 간장]양조간장1티스푼구매물1스푼구매와사비약간구매,양념 없음
7059293,4인분,60분 이내,초급,[재료]아구1팩구매콩나물1봉지구매무1/5개구매멸치육수팩1팩구매대파1대구매청양고추1개구매홍고추1개구매[양념]멸치액젓3T구매참치액젓1T구매소금약간구매다진마늘1T구매물2L구매,양념 없음
7059292,4인분,20분 이내,아무나,[재료]감자2개구매오이1/2개구매양파1/2개구매파프리카1/2개구매방울토마토15개구매[소스 재료]올리브유4스푼구매레몬즙3스푼구매발사믹식초2스푼구매소금약간구매후추약간구매가루육수참치액1스푼1/3스푼구매,양념 없음
7059291,3인분,60분 이내,초급,[재료(김밥 10줄 분량)]김밥김10장구매맛살5개구매김밥용햄10개구매계란5개구매시금치300g구매김밥단무지10개구매당근1개구매김치1/2포기구매밥7공기구매참기름10T구매통깨5T구매맛소금3T구매설탕1T구매굴소스1T구매쇠고기다시다1t구매,양념 없음
7059290,2인분,30분 이내,아무나,[재료]고구마400g2개구매식용유2큰술구매설탕1.5큰술구매,양념 없음
7059289,2인분,30분 이내,초급,[재료]데친 브로콜리300g1송이구매감자작은 거 250g2개구매양파1/4개구매식빵1장구매물300ml구매우유200ml구매버터1작은술구매올리브유1큰술구매소금약간구매후추약간구매,양념 없음
7059288,2인분,30분 이내,아무나,[재료]두부300g구매묵은지300g구매대패 목심160g구매대파1/2대구매통깨약간구매참기름약간구매[양념]양조간장1/2큰술구매고춧가루1.5큰술구매고추장1/2큰술구매맛술2큰술구매다진마늘1큰술구매설탕1/2큰술구매들기름1큰술구매,양념 없음
7059287,2인분,30분 이내,아무나,[재료]오징어1마리구매버터1큰술구매설탕1작은술구매소금약간구매,양념 없음
7059286,6인분 이상,60분 이내,중급,[재료]대파1/2개구매양파1/2개구매고추가루1큰술구매액젓2스푼구매다진마늘1스푼구매매실액2스푼구매설탕1스푼구매검정깨1스푼구매,양념 없음
7059285,2인분,30분 이내,아무나,[재료]식빵2장구매완숙 토마토1/2개구매슬라이스치즈1장구매모짜렐라치즈2큰술구매바질페스토1큰술구매버터1큰술구매홀그레인머스타드1/2큰술구매[바질페스토]바질1컵구매시금치2컵구매잣1/2컵구매마늘4톨구매소금1/2작은술구매올리브오일1/2컵구매파마산치즈가루2큰술구매,양념 없음
7059284,2인분,30분 이내,아무나,[재료]고구마소3개구매쪽파1줄기구매식용유적당량구매[양념]간장1큰술구매올리고당2큰술구매참기름1큰술구매물1/2컵구매통깨약간구매,양념 없음
7059283,1인분,30분 이내,초급,[재료]소고기불고기용150g구매옥수수전분1.5T구매소금 후추1/8t구매양파40g구매당근20g구매그린빈스40g구매쪽파토핑용15g구매[소스]다진생강12g구매다진마늘1/2T구매진간장1T구매식초1/2T구매흑설탕1/2t구매참기름1/2t구매깨1/4t구매식용유구매소금구매후추구매,양념 없음
7059282,1인분,30분 이내,아무나,[재료]참외1개구매떠먹는 요거트1/2컵구매얼음1컵구매꿀또는 올리고당취향껏구매,양념 없음
7059281,2인분,20분 이내,아무나,[재료]두부1모구매소금약간구매후추약간구매진간장1.5T구매굴소스0.3T구매다진마늘0.5T구매물2T구매알룰로스1T구매참기름약간구매통깨약간구매팽이버섯1봉지구매현미유적당량구매쪽파약간구매,양념 없음
7059280,2인분,30분 이내,초급,[재료]식빵2장구매양배추2장구매달걀3개구매당근1/4개구매대파1/2대구매양파1/4개구매슬라이스치즈1장구매[양념]포도쨈1큰술구매케찹약간구매소금약간구매후추약간구매,양념 없음
7059279,2인분,30분 이내,아무나,[재료]애호박2/3개구매감자1개구매양파大1/4개구매두부1/2모구매대파10cm구매다진마늘1작은술구매물400ml구매[양념]된장2큰술구매고춧가루1큰술구매해물코인육수1개구매어간장1작은술구매참기름1큰술구매,양념 없음
7059278,2인분,30분 이내,아무나,[재료]가지1개구매양파1/6개구매대파7cm구매[양념]해물코인육수1개구매물500ml구매다진마늘1작은술구매통깨1/2큰술구매참기름1/2큰술구매소금약간구매,양념 없음
7059277,2인분,30분 이내,아무나,[재료]가지1개구매[무침양념]진간장1큰술구매고춧가루1/2큰술구매올리고당1큰술구매다진마늘1작은술구매다진대파1큰술구매참기름1/2큰술구매깨소금약간구매,양념 없음
7059276,5인분,20분 이내,아무나,[재료]고형카레바몬드8조각구매물1.2L구매돼지고기300g구매감자1개구매양파1개구매당근150g구매식용유1T구매,양념 없음
7059275,2인분,30분 이내,아무나,[재료]단호박1/2개구매[양념]설탕2큰술구매생수2큰술구매진간장1큰술구매통깨약간구매,양념 없음
7059274,4인분,30분 이내,중급,[재료]김치1/4포기구매돼지고기삼겹살200g구매표고버섯다른 버섯대체 가능2개구매두부1모구매대파1/2대구매청양고추1개구매[김치찌개양념]코인육수3개구매다진 마늘1스푼구매김치국물250ml구매물750ml구매고춧가루1스푼구매참기름1스푼구매,양념 없음
7059273,2인분,30분 이내,아무나,[재료]달걀6개구매양파1/4개구매대파1/2대구매청양고추2개구매[양념]진간장1/2컵구매생수1/2컵구매맛술1큰술구매올리고당2큰술구매통깨약간구매,양념 없음
7059272,3인분,5분 이내,아무나,[재료]브로콜리1송이구매초장약간구매[*세척]식초2숟가락구매[*데칠 때]소금1/2스푼구매,양념 없음
7059271,2인분,60분 이내,초급,[재료]소면1인분구매오이1/5개구매검정콩2큰술구매병아리콩2큰술구매렌틸콩1큰술구매생수800ml구매소금약간구매통깨약간구매,양념 없음
7059270,3인분,10분 이내,초급,[재료]건새우넉넉하게3줌구매식용유3숟가락구매참기름1숟가락구매통깨1숟가락구매[양념장]진간장2숟가락구매고추장1숟가락구매설탕1.5~2숟가락구매올리고당1숟가락구매다진마늘0.5숟가락구매,양념 없음
7059269,2인분,60분 이내,초급,[재료]닭1마리구매수삼2뿌리구매감자1.5개구매당근1/2개구매양파1/2개구매홍고추1개구매대파1대구매대추6개구매계핏물1.5컵구매양조간장5큰술구매맛술1큰술구매생강즙1큰술구매다진마늘1큰술구매참기름1큰술구매깨소금1큰술구매설탕2.5큰술구매후추약간구매,양념 없음
7059268,4인분,15분 이내,중급,[재료]단호박650g1개구매우유600ml구매양파1/2개구매버터15g구매파마산치즈가루15ml구매체다치즈3장구매소금2꼬집구매베이킹소다단호박세척시3스푼구매,양념 없음
7059267,4인분,10분 이내,초급,[재료]얼갈이배추400g구매다진 대파2숟가락구매[*양념]고춧가루4숟가락구매까나리액젓4숟가락구매설탕1.5~2숟가락구매식초2숟가락구매다진마늘1.5숟가락구매맛술2숟가락구매참기름1숟가락구매통깨2숟가락구매,양념 없음
7059266,2인분,20분 이내,초급,[재료]계란5개구매팽이버섯약간구매당근잘게 다진1숟가락구매대파잘게 다진1숟가락구매소금3~4꼬집구매맛술1숟가락구매참치액0.5숟가락구매식용유약간구매,양념 없음
7059265,3인분,20분 이내,초급,[재료]사각어묵4장구매양파1/3개구매대파1/3대구매당근1/3개구매청양고추1개구매홍고추1/2개구매식용유2숟가락구매다진마늘1숟가락구매설탕1숟가락구매물5숟가락구매진간장1숟가락구매굴소스0.7숟가락구매맛술1숟가락구매고춧가루1숟가락구매올리고당0.7숟가락구매참기름1숟가락구매통깨1숟가락구매,양념 없음
7059264,2인분,60분 이내,초급,[재료]훈제오리200g1팩구매단호박1개구매파프리카1/2개구매양파1/4개구매미니 새송이버섯5~6개구매마늘6톨구매연근 슬라이스5쪽구매부추1/3줌구매대파1/2대구매피자치즈1/2컵구매굴소스1큰술구매설탕1큰술구매맛술1큰술구매후추구매,양념 없음
7059263,4인분,10분 이내,중급,[재료]감자2개구매애호박1/2개구매양파1/2개구매깨소금1T구매[조림양념장]진간장2T구매액젓1t구매굴소스1T구매물엿2T구매매실청1T구매노두유없으면 안 넣어도 된다1T구매식용유1T구매,양념 없음
7059262,4인분,15분 이내,아무나,[재료]감자1개구매양파1/2개구매당근15g구매식용유1T구매참기름2t구매소금1t구매설탕1t구매후추0.5t구매,양념 없음
7059261,2인분,60분 이내,초급,[재료]통오리1.6kg1마리구매대추1줌구매오가피1줌구매건우엉1줌구매핑거루트1줌구매당귀1줌구매천궁1줌구매황기1개구매대파1대구매마늘8개구매파뿌리4개구매부추1/2줌구매청주1컵구매생강 슬라이스6개구매소금1큰술구매,양념 없음
7059260,3인분,10분 이내,초급,[재료]단무지300g구매고춧가루2큰술구매설탕1큰술구매통깨2큰술구매다진파4큰술구매다진마늘1큰술구매식초1큰술구매매실액1큰술구매참기름1큰술구매,양념 없음
7059259,2인분,15분 이내,아무나,[재료]호떡믹스1봉지구매물180ml구매비엔나통그릴7개구매아보카도오일1T구매설탕1t구매케첩2t구매,양념 없음
7059258,2인분,10분 이내,중급,[재료]소면2인분구매오이1/4개구매양배추2장구매열무김치6젓가락구매김가루약간구매[비빔양념장]쯔유1T구매양조간장2T구매식초2T구매설탕3T구매다진마늘1T구매참기름1T구매,양념 없음
7059257,2인분,60분 이내,초급,[재료]오리고기 슬라이스250g구매배춧잎3장구매느타리버섯1줌구매팽이버섯1/2줌구매당근1/3개구매양파1/2개구매쪽파10줄기구매새싹보리1줌구매물1.2L구매멸치다시마 티백1개구매양조간장1큰술구매고추장1큰술구매고춧가루1.5큰술구매설탕1큰술구매다진마늘1작은술구매맛술1큰술구매후추약간구매,양념 없음
7059256,4인분,20분 이내,아무나,[재료]소고기 국거리500g구매무350g구매대파1대구매물800ml구매멸치액젓1.5T구매참기름1T구매다진마늘1T구매코인육수1개구매소금0.5t구매후추0.5t구매,양념 없음
7059255,4인분,30분 이내,아무나,[재료]전복5마리구매찬밥3공기구매물1L구매대게어간장1.5T구매천일염1t구매참기름2T구매깨소금1t구매,양념 없음
7059254,2인분,60분 이내,초급,[재료]닭가슴살2개구매양파1/4개구매대파1/2대구매마늘5톨구매생강슬라이스2개구매소면1인분구매호두분태2큰술구매통깨2큰술구매방울토마토1개구매달걀1개구매오이약간구매소금약간구매물1200ml구매국간장2큰술구매식초2큰술구매매실액2큰술구매설탕1/4큰술구매연겨자1/2큰술구매설탕1/4큰술구매참기름1큰술구매연겨자1/2큰술구매후추약간구매,양념 없음
7059253,2인분,20분 이내,아무나,[재료]소면100g구매닭가슴살100g구매동치미육수2팩구매양파1/2개구매오이1/2개구매파프리카1/3개구매식초1T구매간장1T구매연겨자1t구매설탕1t구매깨소금1t구매,양념 없음
7059252,2인분,60분 이내,초급,[재료]닭백숙용800g구매누룽지80g구매삼계탕용재료 모음100g1팩구매마늘크게1줌구매대추3알구매양파1/2개구매생강슬라이스약간구매대파잎구매,양념 없음
7059251,3인분,20분 이내,아무나,[재료]떡3줌구매메추리알250g구매비엔나소세지220g1봉지구매케찹3스푼구매올리고당2스푼구매간장2스푼구매설탕1스푼구매,양념 없음
7059250,2인분,30분 이내,아무나,[재료]가지2개구매미소 된장1T구매설탕1t구매맛술2t구매식초1t구매[샐리드 재료]어린잎 채소1줌구매올리브오일1T구매화이트발사믹식초1T구매소금약간구매후추약간구매,양념 없음
7059249,2인분,20분 이내,아무나,[재료]애호박1개구매양파1개구매소금1/3스푼구매청양고추2개구매부침가루2스푼구매감자전분2스푼구매식용유적당히구매,양념 없음
7059248,3인분,60분 이내,아무나,[주재료]오겹살or 삼겹살구매청경채구매대파구매통마늘구매양파구매[양념]쌍화탕구매간장구매굴소스구매생강생강가루구매설탕구매물엿구매맛술구매,양념 없음
7059247,3인분,30분 이내,아무나,[주재료]김밥용김구매육회구매[양념]간장구매설탕구매참기름구매간마늘구매후추구매와사비구매깨소금구매초대리구매,양념 없음
7059246,3인분,30분 이내,아무나,[주재료]김밥용김구매계란구매당근구매어묵구매오이구매맛살구매햄구매단무지구매[양념]참기름구매깨소금구매소금구매간장구매물엿구매식용유구매,양념 없음
7059245,2인분,20분 이내,아무나,[주재료]계란구매당근구매파프리카구매양파구매대파구매[양념]소금구매식용유구매,양념 없음
7059244,1인분,15분 이내,아무나,[주재료]김밥용김구매단무지구매햄구매맛살구매당근구매깨소금구매[양념]참기름구매소금구매,양념 없음
7059243,3인분,60분 이내,아무나,[주재료]우족한우구매[육수용 재료]통마늘구매대추구매무구매파뿌리구매대파구매통후추구매인삼없어도 됨구매[소스]소금구매간장구매식초구매간마늘구매후추구매,양념 없음
7059242,2인분,20분 이내,아무나,[주재료]팝콘용옥수수구매버터구매[양념 ]설탕구매버터구매물or 우유구매,양념 없음
7059241,2인분,20분 이내,아무나,[필요한 재료]묵은지1/2포기구매노란파프리카1/2개구매빨간 파프리카1/2개구매단무지3줄구매오이1/2개구매김3장구매깻잎6장구매[묵은지 양념재료]알룰로스or 설탕1/2작은술구매참기름1작은술구매[밥 양념 재료]밥1~1.5공기구매소금1/3작은술구매참기름1큰술구매통깨1큰술구매,양념 없음
7059240,2인분,60분 이내,아무나,[순대국재료]찰쌉 순대80g구매돼지머리고기2큰술구매돼지고기소창2큰술구매오소리감투3큰술구매사골육수돼지구매물1L구매부추조금구매부추양념장취향껏구매[부추양념장재료]부추15g구매고춧가루4큰술구매육젓2큰술구매멸치액젓2큰술구매다진마늘1큰술구매[모둠순대재료]찹쌀순대구매간구매돼지허파구매육젓구매고추구매마늘구매고추장구매,양념 없음
7059239,2인분,60분 이내,초급,[재료]토마토20개구매올리브오일1컵구매마늘1줌구매페퍼론치노7개구매바질가루1작은술구매소금1작은술구매통밀 사워도우2쪽구매크림치즈1큰술구매,양념 없음
7059237,1인분,10분 이내,아무나,[재료]우삼겹200g구매양파1/2개구매대파1/2대구매마늘3톨구매[양념]굴소스1숟가락구매진간장2숟가락구매설탕1숟가락구매참치액1숟가락구매후춧가루0.5숟가락구매,양념 없음
7059235,2인분,90분 이내,아무나,[재료]영계1kg2마리구매청주3큰술구매소금1/2작은술구매[약재 재료]삼계탕약재100g1봉구매황기추가25g구매대추추가5개구매약초 버섯1조각구매생강1톨구매월계수잎5장구매통후추30알구매대파1대구매양파1개구매마늘20알1줌구매생수3L구매[영계 속 재료]찹쌀5큰술구매인삼2뿌리구매밤2개구매대추4개구매마늘2알구매꼬마 전복4마리구매,양념 없음
7059234,4인분,30분 이내,초급,[재료]김치2컵구매콩나물300g구매대파1대구매청양고추4개구매[양념]육수팩2개구매고추가루2T구매다진마늘1T구매진간장1T구매홍게액젓2T구매참치액2T구매김치국물9T3국자구매,양념 없음
7059233,2인분,15분 이내,아무나,[햄 볶음밥 재료]햄370g구매공기밥3공기구매마늘10알구매굴소스3스푼구매식용유5스푼구매대파조금구매,양념 없음
7059232,3인분,30분 이내,아무나,[재료]감자4개구매식용유약간구매파슬리가루약간구매소금약간구매후추약간구매,양념 없음
7059231,2인분,30분 이내,아무나,[과일감자사라다 재료]감자3개구매사과1개구매귤5개구매오이1개구매삶은계란5개구매[과일감자사라다 소스]삶은계란노른자5개구매설탕1수저구매소금1스푼구매갈릭마요네즈구매,양념 없음
7059230,6인분 이상,20분 이내,아무나,[재료]깐 메추리알302g구매꽈리고추손질 후55g구매양파53g구매대파30g구매생강10g구매진간장50ml구매올리고당30ml구매물500ml구매설탕1큰술구매맛술미림2큰술구매,양념 없음
7059229,2인분,20분 이내,아무나,[재료]오이손질 후 105g1/2개구매건미역2g구매홍고추1/3개구매다진 마늘0.3큰술구매설탕1큰술구매식초2큰술구매소금1작은술구매참치액1작은술구매냉수400ml구매얼음취향껏구매통깨넉넉하게구매,양념 없음
7059228,1인분,15분 이내,초급,[재료]닭가슴살80g구매오이1/4개구매양배추1줌구매양파1/8개구매당근조금구매[초계국수 소스]간장1T구매올리고당1T구매식초1.5T구매겨자0.5T구매치킨스톡2T구매물350ml1.5컵구매,양념 없음
7059227,1인분,20분 이내,초급,[재료]닭가슴살150g구매대파1/2개구매[양념재료]식용유2T구매마요네즈2T구매굴소스0.5T구매치킨스톡0.5T구매소금약간구매후추약간구매,양념 없음
7059226,1인분,10분 이내,초급,[재료]돈까스1장구매김치2줄기구매양파1/2개구매대파1/3대구매계란1개구매[양념재료]식용유1T구매물250ml구매쯔유1T구매진간장1T구매맛술1T구매설탕1/2T구매,양념 없음
7059225,2인분,2시간 이상,초급,[재료]방울토마토300g구매생바질잎8g구매레몬2/3개구매설탕200g구매,양념 없음
7059224,2인분,60분 이내,아무나,[부추감자샐러드 재료]감자3개구매계란3개구매부추1컵구매슬라이스햄5장구매[부추감자샐러드 소스]저당 마요네즈5T구매허니머스타드2T구매꿀2T구매소금구매후추구매,양념 없음
7059223,1인분,15분 이내,초급,[재료]밥1공기구매상추약간구매달걀1개구매어묵1장구매단무지구매치즈1개구매통깨약간구매참기름약간구매소금약간구매[매운어묵양념장]고춧가루1/2t구매진간장1T구매올리고당1T구매맛술1T구매청량고추약간구매통깨약간구매,양념 없음
7059222,3인분,20분 이내,초급,[재료]호두350g구매사과1/2개구매당근1/2개구매요거트3T구매달걀2개구매버터40g구매소금조금구매[프로스팅]크림치즈or 그릭요거트6T구매버터30g구매꿀1T구매레몬즙1t구매,양념 없음
7059221,2인분,10분 이내,초급,[재료]부침가루1컵구매물1컵+2숟가락구매깻잎1묶음구매식용유넉넉하게구매,양념 없음
7059220,2인분,20분 이내,초급,[재료]감자1개구매샌드위치햄2~3개구매샐러드채소약간구매그래놀라약간구매피자치즈1봉구매그라나파다노치즈약간구매파슬리가루약간구매,양념 없음
7059219,2인분,30분 이내,초급,[재료]가지2개구매부추약간구매청양고추1/2개구매홍고추1/2개구매[양념]된장1스푼구매홍게간장진간장 1/2스푼1스푼구매들깨가루2스푼구매알룰로스올리고당2스푼구매통깨약간구매,양념 없음
7059218,2인분,15분 이내,초급,[재료]토마토1개구매부라타치즈1개구매올리브오일1스푼구매발사믹식초1스푼구매그래놀라1스푼구매바질잎조금구매,양념 없음
7059217,2인분,30분 이내,초급,[재료]스파게티면100g구매샐러드야채200g구매양파1/2개구매콘옥수수50g구매블랙올리브3T구매토마토1/2개구매아보카도1/2개구매오이30g구매새우15마리구매[소스]진간장2T구매발사믹식초2T구매올리브오일3T구매참기름1T구매알룰로스1T구매간마늘1/2T구매스위트칠리2T구매,양념 없음
7059216,4인분,15분 이내,아무나,[재료]당근500g4개구매소금1작은술구매올리브유3큰술구매레몬즙2큰술구매식초1큰술구매후추약간구매통밀빵적당히구매홀그레인머스타드1~2큰술구매,양념 없음
7059215,3인분,15분 이내,초급,[재료]복숭아작은 크기2개구매토마토2개구매그릭요거트5큰술구매땅콩버터1큰술구매알룰로스2큰술구매,양념 없음
7059214,2인분,10분 이내,초급,[재료]토마토2개구매복숭아1개구매꿀1~2큰술구매,양념 없음
7059213,2인분,30분 이내,초급,[재료]고사리나물150g구매파스타면160g구매마늘30g구매대파30g구매면수300ml구매올리브오일2T구매치킨스톡1/2개구매쯔유1T구매들기름1T구매들깨가루1/2T구매파다노치즈구매후추구매,양념 없음
7059212,2인분,20분 이내,아무나,[재료]고구마3~4개구매우유100ml구매설탕1T구매,양념 없음
7059211,3인분,10분 이내,아무나,[재료]떡450g구매대파1개구매사각어묵2장구매고추장1큰술구매고춧가루1큰술구매간장1/2큰술구매물엿1큰술구매설탕2큰술구매,양념 없음
7059210,3인분,30분 이내,초급,[재료]오징어1마리구매전복3마리구매새우큰사이즈12마리구매파프리카2개구매오이1개구매양파1/2개구매양배추1줌구매깻잎12장구매[양념]고추장3T구매고춧가루2T구매설탕3T구매식초4T구매참기름1T구매통깨1T구매,양념 없음
7059209,2인분,20분 이내,아무나,[주 재료]양송이버섯200g구매통마늘8개구매버터10g구매올리브오일2T구매양조간장1/2T구매굴소스1T구매미림1T구매후추약간구매그라나파다노치즈약간구매파슬리가루약간구매,양념 없음
7059208,4인분,20분 이내,아무나,[주 재료]양파2개구매쪽파100g구매소금2T구매통깨약간구매[양념재료]멸치액젓3T구매고춧가루2T구매다진마늘1/2T구매매실액1T구매참기름1/2t구매,양념 없음
7059207,4인분,60분 이내,초급,[재료]닭 볶음탕용1kg구매감자3개구매양파1/2개구매당근1/2개구매떡볶이떡1줌구매대파1대구매물500ml구매[양념]간장6T구매굴소스2T구매고추장3T구매고춧가루4T구매설탕3T구매맛술3T구매다진마늘1T구매후추1T구매,양념 없음
7059206,3인분,30분 이내,초급,[꽃게탕 주재료 ]손질 꽃게2-3미구매청경채구매무구매양파구매대파구매버섯구매배추구매애호박구매[ 꽃게탕 양념장재료 ]다진마늘구매고추장구매고춧가루구매간장구매후추구매미림구매꿀구매,양념 없음
7059205,4인분,30분 이내,아무나,[재료]묵은지1포기구매대파잎부분2대구매[양념]들기름1T구매식용유포도씨유1/2T구매다진마늘1T구매진간장1T구매,양념 없음
7059204,4인분,15분 이내,아무나,[재료]영양부추300g구매[양념]액젓1.5T구매참기름2바퀴구매깨1/3T구매생강청1/3T구매,양념 없음
7059203,4인분,20분 이내,초급,[재료]콩나물300g구매물1.5L구매대파쏭쏭 썬2숟가락구매다진마늘1숟가락구매참치액2숟가락구매소금부족한 간 맞추기구매[육수용 재료]멸치국물용구매새우구매다시마구매,양념 없음
7059202,1인분,5분 이내,아무나,[에이드재료]패션후르츠청40g구매얼음적당량구매레몬즙5g구매탄산수100ml구매[토핑]레몬슬라이스1개구매칵테일체리1개구매레몬타임1개구매,양념 없음
7059201,2인분,5분 이내,초급,[재료]피망2개구매된장1.5숟가락구매고춧가루0.3숟가락구매물엿0.7숟가락구매참기름0.5숟가락구매다진마늘0.5숟가락구매통깨1숟가락구매,양념 없음
7059200,2인분,10분 이내,초급,[재료]시금치200g구매홍고추약간구매국간장0.7숟가락구매고춧가루0.5숟가락구매들기름1.5숟가락구매소금2꼬집구매통깨2숟가락구매[*데칠 때]굵은소금0.5숟가락구매,양념 없음
7059199,6인분 이상,60분 이내,중급,[재료]마늘구매고추장1큰술구매고추가루2스푼구매조청3스푼구매소금1스푼구매액젓2스푼구매검정깨1스푼구매,양념 없음
7059198,2인분,60분 이내,아무나,[주재료]오이5개구매굵은소금구매부추100g구매양파1개구매고춧가루6스푼구매새우젓4스푼구매다진마늘1.5스푼구매설탕1스푼구매매실청1스푼구매,양념 없음
7059197,2인분,20분 이내,초급,[재료]공기밥2공기구매참치캔1개구매마요네즈3스푼구매깻잎시즈닝2포구매소금약간구매청양고추3개구매,양념 없음
7059196,4인분,60분 이내,초급,[재료]한우다짐육100g구매가지2개구매통마늘10알구매소금약간구매청양고추3개구매표고버섯1개구매대파넉넉히구매라이스페이퍼20장구매[한우소보로 양념소스]간장1스푼구매설탕1스푼구매다진마늘1스푼구매맛술1스푼구매후춧가루약간구매,양념 없음
7059195,1인분,30분 이내,아무나,[재료]닭다리살1덩이구매밥1공기구매깻잎2장구매맛술1숟갈구매식용유1숟갈구매[데리야끼소스]진간장2숟갈구매설탕2숟갈구매다진마늘1숟갈구매굴소스1/2숟갈구매물2숟갈구매[닭고기 밑간]맛소금1꼬집구매후추1티스푼구매,양념 없음
7059194,1인분,15분 이내,초급,[재료]오일2큰술구매다진 마늘1큰술구매돼지고기목전지300g구매맛술1큰술구매설탕0.5큰술구매매실청1큰술구매양조간장1큰술구매양파1개구매고춧가루2큰술구매물엿1큰술구매고추장2큰술구매참기름1/2큰술구매청양고추1개구매후추톡톡구매,양념 없음
7059193,2인분,20분 이내,아무나,[재료]유부초밥용 유부20장구매대파1/2개구매된장3숟갈구매다진마늘1숟갈구매[멸치 육수]물900ml구매국물용 멸치10g구매,양념 없음
7059192,2인분,20분 이내,초급,[재료]오일1큰술구매대파1대구매다진 마늘1큰술구매양파1개구매돼지고기 다짐육100g구매두부1모구매물150ml구매청양고추1개구매팽이버섯1봉지구매청양고추1개구매된장2큰술구매참치액1.5큰술구매고춧가루1.5큰술구매,양념 없음
7059191,4인분,30분 이내,초급,[재료]버터구매,양념 없음
7059190,3인분,20분 이내,아무나,[재료]한우 살치살800g구매아스파라거스3개구매방울토마토5개구매새송이버섯3개구매마늘5개구매올리브오일2T구매소금0.5t구매후추0.5t구매,양념 없음
7059189,1인분,20분 이내,아무나,[재료]현미밥120g구매모짜렐라치즈80g구매크래미72g구매오이1/4개구매단무지20g구매볶음김치1T구매깻잎5장구매날치알100g구매[소스]간장1T구매알룰로스1T구매참기름0.5T구매,양념 없음
7059188,3인분,20분 이내,초급,[재료]오이1개구매토마토1개구매레몬즙2T구매다진마늘1T구매그린올리브3~4개구매알룰로스1T구매소금조금구매후추조금구매,양념 없음
7059187,6인분 이상,20분 이내,초급,[재료]무10개구매소금1/2컵구매마늘10알구매무청약간구매사이다1/2병구매생강1t구매뉴슈가1t구매삭힌고추5개구매배1/2개구매,양념 없음
7059186,6인분 이상,60분 이내,아무나,[재료]봉어묵구매콩나물300g구매양념쭈꾸미볶음남은양념국물4큰술구매고추장1큰술구매고춧가루7큰술구매양조간장3큰술구매멸치액젓1큰술구매물엿2큰술구매썬파2큰술구매꽃게육수2알구매멸치다시마육수2알구매물1.5L구매대파1대구매,양념 없음
7059185,4인분,정보 없음,아무나,[재료]미니 단호박약 350g1개구매진간장3큰술구매물5큰술구매올리고당1큰술구매다진 마늘1작은술구매식용유1큰술구매참기름1큰술구매통깨약간구매,양념 없음
7059184,4인분,10분 이내,아무나,[재료]열무470g구매노란 파프리카12g구매피망42g구매천일염구매[양념]된장1.5큰술구매멸치액젓1.5큰술구매고추장1큰술구매들기름2큰술구매다진마늘1큰술구매통깨1큰술구매조청1/2큰술구매매실액1/2큰술구매,양념 없음
7059183,2인분,15분 이내,아무나,[필요한 재료]두부250g1/2모구매토마토2개구매양파1/4개구매깻잎3장구매[양념재료]으깬 통깨1큰술구매진간장1큰술구매식초1큰술구매알룰로스1큰술구매매실청1/2~1큰술구매올리브유1/2큰술구매다진마늘1/2큰술구매후추구매,양념 없음
7059182,6인분 이상,10분 이내,아무나,[재료]아보카도1개구매토마토방울토마토 5~6개1개구매양파1/4개구매청양고추1개구매바질구매[양념 (밥숟가락 사용(10ML)/계량컵)]올리브오일2스푼구매레몬즙1스푼구매다진 마늘0.5스푼구매파마산 가루2/3스푼구매소금조금구매후추조금구매,양념 없음
7059181,2인분,30분 이내,아무나,[ 무더위 건강식 쇠고기채소찜 ▶ 재료(Ingredien]쇠고기Beef 250g250g구매가지Eggplant 11개구매적양파Red onion 1/21/2개구매새송이버섯King oyster mushroom 22개구매표고버섯Shiitake mushroom 33개구매참소스Chamsauce or substitute약간구매마늘Garlic구매후추Salt Pepper구매통깨Sesame seeds구매양배추Cabbage구매소금구매,양념 없음
7059180,2인분,30분 이내,초급,[감자샐러드 Potato Salad 재료(Ingredie]감자2 Potatoes2개구매계란2 Eggs2개구매무당 요구르트1 Unsweetened Yogurt1개구매당근1/5 Carrot1/5개구매오이1/2 Cucumber1/2개구매꿀1 Tbsp Honey1숟가락구매검은깨Black Sesame Seeds약간구매소금Salt구매후추Pepper구매[아침밥상 Morning Table 재료(Ingredie]양파1 Onion1개구매가지1 Eggplant1개구매사과1/2 Apple1/2개구매땅콩버터Peanut Butter구매식용유Cooking Oil구매소금Salt구매후추Pepper구매감자감자범벅 Mashed Potato Salad구매검은깨Black Sesame구매,양념 없음
7059179,2인분,15분 이내,아무나,[재료]순대300g구매양배추150g구매양파1/2개구매대파1/2대구매깻잎10장구매통마늘10개구매식용유3큰술구매들기름3큰술구매설탕1/2큰술구매소금3꼬집구매들깨가루1.5큰술구매당근조금구매[양념]초고추장4큰술구매다진마늘1큰술구매들깨가루1.5큰술구매들기름1큰술구매후추갈갈*5번구매된장2/3큰술구매,양념 없음
7059178,2인분,30분 이내,아무나,[재료]감자4개구매물4컵구매소금구매설탕약간구매,양념 없음
7059177,3인분,30분 이내,초급,[재료]수박1/4통구매체리조금구매방울토마토조금구매복숭아1개구매[오미자 차]생수1.5컵구매오미자2팩구매꿀2수저구매,양념 없음
7059176,4인분,2시간 이상,아무나,[재료]냉동딸기500g구매생수350ml구매한천가루20g구매설탕70g구매딸기잼200g구매소금1g구매,양념 없음
7059175,3인분,30분 이내,아무나,[재료(*1큰술=15ml)]양파55g구매스팸80g구매감자190g구매당근65g구매대파15g구매액젓1큰술구매소금1꼬집구매후추구매고추1큰술구매버터10g구매,양념 없음
7059174,2인분,20분 이내,아무나,[재료소개]브로콜리200g구매두부300g구매쪽파2큰술구매[양념재료]간장0.5큰술구매액젓0.5큰술구매굴소스0.5큰술구매다진마늘0.5큰술구매통깨간거4큰술구매참기름2큰술구매,양념 없음
7059173,5인분,2시간 이상,아무나,[재료]소갈비2kg구매닭800g2마리구매닭500g3마리구매표고버섯5개구매대파2대구매마늘100개구매무1/4개구매양파2개구매한약재2팩구매,양념 없음
7059172,1인분,20분 이내,초급,[재료]또띠아1장구매양상추1장구매치킨너겟2개구매사과1/4조각구매방울토마토2개구매칠리소스조금구매모짜렐라치즈1줌구매마요네즈1T구매케첩1T구매,양념 없음
7059171,4인분,30분 이내,중급,[재료]계란8개구매물구매굵은소금1T구매진간장50ml구매물300ml구매설탕3T구매맛술2T구매말린 생강6조각구매꽈리고추1봉지구매통마늘16개구매,양념 없음
7059170,1인분,15분 이내,초급,[재료]메밀면130g구매오이토핑용1/5개구매김가루토핑용조금구매부추토핑용10g구매[양념]진간장맛간장2큰술구매매실청1큰술구매들기름2큰술구매참기름1큰술구매땅콩버터1큰술구매,양념 없음
7059169,6인분 이상,30분 이내,초급,[재료]바나나420g6개구매마스코바도설탕3큰술구매레몬청레몬즙2큰술구매시나몬가루1/2작은술구매,양념 없음
7059168,6인분 이상,15분 이내,초급,[재료]고구마잎400g구매[절임 간장]남은 장아찌간장200ml1컵구매설탕100ml1/2컵구매진간장100ml1/2컵구매물100ml1/2컵구매소주100ml1/2컵구매식초100ml1/2컵구매,양념 없음
7059167,1인분,10분 이내,아무나,[크림베이스]동물성휘핑크림35g구매설탕2.5g구매[라떼 재료]얼음적당량구매토피크런치시럽7g구매우유80g구매에스프레소1.5샷구매[토핑]코코아파우더약간구매,양념 없음
7059166,2인분,30분 이내,아무나,[재료]우삼겹2컵구매칼국수2인분구매감자1개구매양파1개구매당근구매대파구매달걀1알구매물1.5L구매[양념]코인육수1알구매다진마늘1T구매참치액2T구매멸치액젓1T구매고추장4T구매고춧가루1T구매된장0.5T구매굴소스1T구매후추구매,양념 없음
7059165,4인분,60분 이내,초급,[재료]소고기 국거리600g구매콩나물300g구매대파1대구매무1/5개구매청양고추2개구매[양념]참기름3T구매식용유1T구매고춧가루3T구매멸치액젓4T구매참치액젓2T구매소금약간구매다진마늘1T구매물1.8L구매,양념 없음
7059163,1인분,30분 이내,초급,[주재료]김밥김1장구매새우100g구매깻잎3장구매당근20g구매튀김가루100g구매식용유300ml구매계란 흰자5g구매[부재료]소금2g구매맛술5g구매후추1g구매,양념 없음
7059162,2인분,30분 이내,초급,[재료]도토리묵300g구매자른 배추김치1/2컵구매오이1/2개구매김가루조금구매깨소금1큰술구매청양고추2개구매홍고추1개구매동치미육수2팩구매,양념 없음
7059161,3인분,30분 이내,아무나,[재료]단호박단호박 큐브 30g * 6개 분량1/2개구매쌀가루이유식중기60g구매소고기큐브30g구매소고기육수큐브+물300g구매,양념 없음
7059160,3인분,20분 이내,아무나,[재료]쌀가루이유식중기40g구매닭고기큐브1개30g구매브로콜리큐브1개30g구매애호박큐브1개30g구매닭고기육수큐브+물320g구매,양념 없음
7059159,1인분,20분 이내,아무나,[재료]오이1개구매크래미3개구매삶은 메추리알10알구매마요네즈2큰술구매연겨자1큰술구매설탕1작은술구매검은깨약간구매소금약간구매,양념 없음
7059158,4인분,30분 이내,초급,[재료]된장2 숟가락2T구매고추장1 숟가락1T구매고추가루1/2 숟가락1/2T구매양파1/4개구매애호박1/3종이컵1/3cup구매감자1개구매두부1/2모구매새우젓선택 1 티스푼1t구매,양념 없음
7059157,2인분,30분 이내,초급,[재료]소고기구매계란흰자구매감자전분구매식용유구매대파초록부분구매참기름구매[소스]진간장1.5T구매굴소스1T구매설탕1T구매물2T구매간마늘1T구매생강청1tsp구매,양념 없음
7059156,2인분,20분 이내,초급,[재료]두부1/2모구매라이스페이퍼12장구매조미김6장구매통깨3스푼구매스틱육수1포구매,양념 없음
7059155,6인분 이상,20분 이내,초급,[재료]마른오징어2마리구매고추장2숟가락2T구매고추가루2숟가락2T구매양파1/4개구매쪽파1/3종이컵1T구매진간장2숟가락2T구매설탕2 숟가락2T구매참기름1/2 숟가락1/2T구매,양념 없음
7059154,2인분,20분 이내,초급,[재료]당면1줌구매파프리카빨강/노랑1/2개구매표고버섯2개구매양파1/2개구매부추약간구매[양념]진간장2스푼구매굴소스1스푼구매원당설탕1스푼구매다진마늘1스푼구매대파1/2대구매물4스푼구매후추약간구매참기름1스푼구매통깨약간구매,양념 없음
7059153,2인분,30분 이내,초급,[재료]기름1/2T구매들기름1T구매삼겹살200g구매김치2컵구매간마늘1T구매국간장1T구매멸치액젓1T구매물450ml구매코인육수1알구매새우젓1T구매콩비지350g구매양파1/2개구매대파1/2대구매순후추구매,양념 없음
7059152,2인분,30분 이내,중급,[재료]골뱅이1캔구매오이1/2개구매빨강 파프리카1/2개구매노랑 파프리카1/2개구매깻잎5장구매양배추약간구매청양고추1개구매풋고추1개구매[양념]냉면육수290g1팩구매초고추장6스푼구매식초2스푼구매통깨약간구매,양념 없음
7059151,3인분,30분 이내,초급,[재료]김치300g구매밥400g구매스팸1캔구매대파1대구매간마늘1T구매기름2T구매진간장1T구매설탕2tsp구매굴소스1/2T구매고추장1T구매순후추구매계란구매,양념 없음
7059150,2인분,20분 이내,초급,[재료]오이1개구매깻잎8장구매김밥김4장구매참치캔1개구매밥2공기구매마요네즈2스푼구매고추냉이약간구매화이트발사믹2스푼구매통깨1스푼구매[오이 절임 양념]소금1/2스푼구매올리고당1스푼구매,양념 없음
7059149,6인분 이상,60분 이내,아무나,[재료]알감자30개구매진간장1/2컵구매설탕1숟가락구매다진 마늘1/2숟가락구매올리고당3숟가락구매양파1개구매,양념 없음
7059148,4인분,30분 이내,초급,[재료]김밥김10장구매밥1200g구매참기름2T구매깨소금3T구매맛소금1tsp구매냉이400g구매당근250g구매소금1tsp구매계란6개구매미림1T구매쯔유1T구매김밥햄구매,양념 없음
7059147,3인분,20분 이내,아무나,[재료]메밀국수오뚜기옛날국수400g구매메밀소바장국오뚜기구매연겨자구매김가루구매무구매,양념 없음
7059146,4인분,30분 이내,초급,[재료]감자큰 사이즈2개구매명란자연지감2개구매모짜렐라치즈적당량구매마요네즈3T구매버터30g구매파마산치즈토핑용구매파슬리토핑용구매초당옥수수선택구매베이컨선택구매,양념 없음
7059145,3인분,30분 이내,아무나,[단호박죽 재료]단호박1개구매물200ml구매우유200ml구매슬라이스치즈3장구매눈꽃치즈적당량구매파슬리가루적당량구매소금조금구매,양념 없음
7059144,1인분,5분 이내,아무나,[살치살 야채구이 재료]살치살1팩구매시즈닝1봉지구매고추2개구매양파1/3개구매버섯조금구매올리브오일조금구매쌈장와사비보리쌈장적당량구매,양념 없음
7059143,6인분 이상,30분 이내,초급,[재료]당근1/6개구매양파2/3개구매둥근호박1/5개구매팽이버섯조금구매토마토2.5개구매소고기200g구매양배추1장구매청량고추2개구매대파1줄구매올리브유3T구매포도씨유2T구매양조간장5T구매토마토주스180ml구매다진마늘1T구매치즈구매후춧가루구매,양념 없음
7059142,4인분,15분 이내,아무나,[재료]깻순100g구매양파1/2개구매식초3큰술구매국간장3큰술구매참치액젓2큰술구매고춧가루3큰술구매깨1큰술구매간마늘1큰술구매다진파2큰술구매다진 홍고추1큰술구매다진 청양고추1큰술구매매실액2큰술구매,양념 없음
7059141,3인분,30분 이내,아무나,[재료]소고기200g구매콩나물300g구매쌀3인분구매,양념 없음
7059140,1인분,10분 이내,아무나,[재료]미역2~3g구매오트밀50g구매생들기름1T구매달걀1개구매물300ml구매천연조미료간장 1T1알구매,양념 없음
7059139,4인분,10분 이내,아무나,[재료]마늘10톨구매정어리소멸150g구매[양념]술1T구매간장1.5T구매매실액1T구매생강청1/3T구매참기름1바퀴구매식용유1바퀴구매,양념 없음
7059138,3인분,30분 이내,아무나,[재료]아귀 순살1kg구매마늘4톨구매당근색내기용약간구매양파1/4개구매피망1/2개구매노랑파프리카1/4개구매[양념]맛간장2T구매술1T구매생강청1/3T구매매실액1T구매물2T구매고춧가루1/3T구매참기름1바퀴구매전분가루2T구매카레가루1T구매,양념 없음
7059137,6인분 이상,2시간 이상,초급,[재료]오이6개구매고추장3 숟가락3T구매고추가루2 숟가락2T구매양파1/4개구매쪽파1/3종이컵1/3cup구매설탕2 숟가락2T구매참기름1/2 숟가락1/2T구매소금적당량구매,양념 없음
7059136,4인분,15분 이내,초급,[재료]오이지3개구매쪽파2개구매청양고추1개구매홍고추1개구매통깨구매양파구매[오이지양념]다진마늘1T구매국간장1T구매두배식초1T구매설탕1T구매[국물양념]설탕5T구매두배식초4T구매매실2T구매,양념 없음
7059135,2인분,10분 이내,아무나,[주재료]냉동콘립4개구매버터50g구매[부재료]칠리시즈닝구매연유구매파슬리구매,양념 없음
7059134,2인분,15분 이내,아무나,[재료]계란5개구매양파1/3개구매당근1/4개구매대파1/3개구매청양고추1개구매생수2큰술구매[양념]고운 소금0.5큰술구매맛술0.5큰술구매,양념 없음
7059133,4인분,120분 이내,초급,[재료]흑염소고기3kg구매통마늘500g구매깻잎순500g구매된장1종이컵구매고사리1kg구매통생강50g구매대파1단구매월계수입10장구매들깨가루1종이컵구매다진마늘1종이컵구매고춧가루1/2종이컵구매초고추장1종이컵구매,양념 없음
7059132,3인분,20분 이내,아무나,[재료]또띠아4장구매콘옥수수적당히구매소세지4개구매치즈4장구매양파1개구매후춧가루약간구매소금약간구매식용유구매[소스]칠리소스구매,양념 없음
7059131,3인분,15분 이내,아무나,[재료]백진미250g구매[양념]고추장3큰술구매고춧가루2큰술구매국간장3큰술구매다진마늘1큰술구매물엿2큰술구매매실액1큰술구매깨1큰술구매,양념 없음
7059130,4인분,20분 이내,아무나,[재료]삶은 파스타면4인분구매베이컨8줄구매편마늘2스푼구매후추약간구매크림소스4인분구매우유1/2컵구매,양념 없음
7059129,2인분,10분 이내,초급,[재료]콩나물400g구매당근약간구매대파1/4대구매물200ml구매소금1/3큰술구매[양념]범일진간장2/3큰술구매다진 마늘1/3큰술구매고춧가루1큰술구매참기름1큰술구매소금2꼬집구매통깨약간구매,양념 없음
7059128,2인분,60분 이내,아무나,[재료]감자구매물구매소금구매,양념 없음
7059127,4인분,30분 이내,아무나,[재료]부추1/2단구매부침가루1컵구매물구매식용유구매다진마늘1스푼구매계란1개구매,양념 없음
7059126,2인분,30분 이내,아무나,[재료]알감자20개구매생수적당히구매고운 소금0.5큰술구매스테비아설탕1큰술구매,양념 없음
7059125,1인분,60분 이내,아무나,[새우버거재료]새우600g구매후추1작은술구매마늘허브소금2큰술구매다진마늘1작은술구매다진생강조금구매계란1개구매빵가루4큰술구매찹쌀가루2큰술구매올리브오일4큰술구매청양마요소스2큰술구매밀크페스츄리2개구매양파1/3개구매아삭한 복숭아슬라이스2개구매로메스코소스2큰술구매[청양마요소스재료]청양고추3개구매마요네즈4큰술구매허브솔트1작은술구매후추1바퀴구매레몬즙1큰술구매꿀1큰술구매[빵가루재료]밀크페스츄리1개구매,양념 없음
7059124,2인분,5분 이내,아무나,[재료]용과1개구매,양념 없음
7059123,4인분,5분 이내,아무나,[재료]오이3개구매다진마늘1t구매고춧가루1t구매올리고당1t구매통깨약간구매,양념 없음
7059122,3인분,90분 이내,아무나,[주재료]갈비찜용 돼지갈비1kg구매감자2알구매청양고추4개구매표고버섯4개구매물엿3스푼구매대파구매[양념]간장1컵구매맛술1컵구매흑설탕5스푼구매매실청2스푼구매다진 마늘2스푼구매참기름2스푼구매쇠고기 다시다0.5스푼구매후추구매,양념 없음
7059121,3인분,20분 이내,아무나,[필요한 재료]애호박1개구매새우200g구매홍고추1개구매깻잎4장구매당근1/5개구매[반죽양념재료]소금1/4작은술구매전분가루1큰술구매진간장1작은술구매참기름1작은술구매참치액1/2작은술구매후추구매[소스 재료]진간장1큰술구매참기름1큰술구매알룰로스1큰술구매올리브유1/2큰술구매다진마늘1/2큰술구매통깨구매,양념 없음
7059120,2인분,30분 이내,아무나,[주재료]닭가슴살300g구매대파육수용60g구매코인 육수2알구매다진 마늘1스푼구매치킨스톡1스푼구매액젓3스푼구매,양념 없음
7059119,3인분,10분 이내,아무나,[재료]미소 된장1T구매미역3-4g구매두부1/2모구매표고버섯1개구매마늘1알구매물600ml구매,양념 없음
7059118,1인분,15분 이내,아무나,[재료]국거리 소고기200g구매양파1/2개구매토마토1개구매올리브오일3숟가락구매버터1숟가락구매[양념]케찹2숟가락구매진간장2숟가락구매올리고당1숟가락구매후춧가루1꼬집구매소금1꼬집구매,양념 없음
7059117,4인분,15분 이내,아무나,[재료]미역줄기세척 후300g구매당근20g구매양파1/2개구매대파조금구매[양념 (밥숟가락 사용(10ml0/계량컵 )]참치액1스푼구매다진 마늘1스푼구매맛술1스푼구매식초0.5스푼구매고운 소금약간구매통깨1스푼구매참기름1스푼구매아보카도오일식용유1스푼구매,양념 없음
7059116,4인분,10분 이내,아무나,[재료]감자손질후 330g3개구매계란2개구매양파1/2개구매청양고추2개구매홍고추1개구매대파조금구매[양념 (밥숟가락 사용(10ml)/계량컵)]코인 육수1개구매국간장2스푼구매참치 액1스푼구매고운 소금0.5스푼구매참기름1스푼구매다진 마늘0.5스푼구매쌀뜨물4.5컵900ml구매후추톡톡구매,양념 없음
7059115,4인분,15분 이내,아무나,[재료]배추김치10장구매파김치조금구매꽁치통조림400g1개구매[양념 (밥숟가락 사용(10ml)/계량컵 )]김치 양념1스푼구매설탕1스푼구매맛술2스푼구매참기름1스푼구매물100ml1/2컵구매후추조금구매,양념 없음
7059114,4인분,15분 이내,초급,[재료]돼지고기앞다리살600g구매양파1/2개구매대파1대구매청양고추3개구매홍고추1개구매소금2꼬집구매후추약간구매[제가 만든 양념 (밥숟가락 사용(10ml)/계량컵)]고추장2스푼구매갈아만든 배1캔구매간장2스푼구매참치액1스푼구매맛술2스푼구매설탕1스푼구매다진 마늘2스푼구매참기름0.5스푼구매통깨구매후추구매,양념 없음
7059113,1인분,10분 이내,아무나,[옛날우동 재료]냉동우동면1개구매계란1알구매새우2마리구매배추잎4장구매호박1/4개구매치킨파우더2스푼구매맛소금1/2스푼구매물600ml구매,양념 없음
7059112,6인분 이상,30분 이내,아무나,[재료]오이5개구매양파1/2개구매부추50g구매대파1/2대구매[양념 (밥숟가락 사용(10ml)/계량컵)]고춧가루4스푼구매멸치액젓3스푼구매매실청3스푼구매다진 마늘1스푼구매설탕0.5스푼구매생강가루2꼬집구매통깨약간구매[절일 때]소금2스푼구매,양념 없음
7059111,4인분,15분 이내,아무나,[재료]미니밤호박1개구매계란1개구매모짜렐라피자치즈2/3컵구매소금1꼬집구매파슬리가루약간구매[세척 시 (밥숟가락 사용(10ml)/계량)]베이킹소다0.5컵구매식초1스푼구매,양념 없음
7059110,6인분 이상,120분 이내,중급,[육수용]물2.5L구매토종닭1마리구매마늘10알구매대추1줌구매삼계탕재료 약재1포구매[닭개장용]대파1.5단구매고사리2줌구매국간장3큰술구매액젓3큰술구매고춧가루4큰술구매소금구매다진마늘3큰술구매식용유구매참기름구매물조금구매,양념 없음
7059109,2인분,15분 이내,아무나,[재료]토마토1개구매오이1개구매두부160g구매[오리엔탈 소스 (밥숟가락 사용(10ml)/계량컵)]양조간장1스푼구매화이트발사믹&애사비1스푼구매올리브오일1스푼구매아보카도오일1스푼구매와사비조금구매그라나파다노치즈조금구매,양념 없음
7059108,4인분,30분 이내,중급,[재료]손질 장어900g1마리구매무0.5cm 두께4조각구매고춧가루2큰술구매된장1/2큰술구매다시마멸치육수5+1/2컵구매콩나물1봉200g구매대파1대구매다진마늘1+1/2큰술구매청양고추2개구매방아잎1줌구매국간장3큰술구매,양념 없음
7059107,4인분,20분 이내,초급,[재료]닭650g1마리구매당면100g구매감자2개구매양파큰 것 100g1/4개구매당근100g구매청양고추3개구매홍고추1개구매대파1대구매[양념 (밥숟가락 사용(10ml)/계량컵)]맛술2스푼구매진간장3스푼구매참치액1스푼구매노추1.5스푼구매다진 마늘2스푼구매유기농설탕1스푼구매생강가루0.1스푼구매물엿2스푼구매물2스푼구매전분1.5스푼구매후추구매[닭 데칠 때]통후추0.5스푼구매월계수잎5장구매소주1스푼구매,양념 없음
7059106,4인분,2시간 이상,아무나,[재료]그릭요거트340ml구매과일취향껏약간구매,양념 없음
7059105,1인분,10분 이내,아무나,[재료]냉동치킨4조각구매양상추62g구매귀리밥80g구매옥수수2큰술구매오이26g구매모짜렐라치즈5개구매파프리카21g구매[소스]하프마요네즈1큰술구매홀그레인머스타드1큰술구매레몬즙1큰술구매소금1꼬집구매,양념 없음
7059104,4인분,60분 이내,중급,[오리탕 재료]오리2.5Kg1마리구매머위대1단구매부추1줌구매양파1개구매청양고추3개구매홍고추1개구매대파1대구매[들깨오리탕 양념]된장1수저구매고추가루3수저구매다진마늘2수저구매다진생강1스푼구매미림2수저구매참치액젓2수저구매들깨 갈은것2/3컵구매소금취향껏구매,양념 없음
7059103,2인분,90분 이내,아무나,[재료]돼지고기 삼겹살550g구매대파50g구매양파100g구매월계수잎3장구매통후추0.5큰술구매진간장1큰술구매집된장1큰술구매물800~1L구매,양념 없음
7059102,3인분,30분 이내,초급,[재료(*1큰술 = 15ml)]​ 식빵4개구매버터35g구매올리브유2큰술구매설탕0.5큰술구매,양념 없음
7059101,3인분,30분 이내,중급,[재료소개]식빵5장구매계란흰자2개구매슈가파우더200g구매레몬즙6방울구매딸기잼구매,양념 없음
7059100,2인분,20분 이내,초급,[재료]감자4개구매소금1/2작은술구매,양념 없음
7059099,3인분,20분 이내,아무나,[재료]오이2개구매양파1/2개구매당근1/4개구매청양고추1~2개구매식용유3구매[양념]다진 마늘1/2구매진간장3구매설탕1/2구매참기름약간구매통깨약간구매,양념 없음
7059098,4인분,20분 이내,초급,[재료]감자중간 크기4개구매계란2개구매오이1/2개구매양파1/2개구매당근1/4개구매소금감자삶고/오이 양파 절일 때약간구매[감자 샐러드 소스]설탕1/2큰술구매소금1/4작은술구매마요네즈5큰술구매허니머스터드소스3큰술구매홀그레인머스터드소스1큰술구매후춧가루1/5작은술구매,양념 없음
7059097,2인분,60분 이내,아무나,[재료]등갈비500G구매감자2알구매물1.3L구매당면구매대파구매[양념]다진마늘1T구매굴소스1.5T구매맛소금1T구매설탕0.5T구매후추구매,양념 없음
7059096,2인분,20분 이내,아무나,[재료]파스타면1줌구매올리브오일1바퀴구매마늘10개구매삼겹살2줄구매고추장1스푼구매멸치액젓1스푼구매토마토소스2스푼구매후추약간구매,양념 없음
7059095,6인분 이상,60분 이내,초급,[재료]노각1개구매굵은소금1T구매설탕1T구매고춧가루2/3T구매고추장1T구매다진 마늘1/2T구매참기름1T구매통깨1T구매식초0.5T구매,양념 없음
7059094,2인분,15분 이내,아무나,[재료]왕뚜껑 라면1개구매김치밥공기1공기구매밀가루2스푼구매계란1개구매대파약간구매,양념 없음
7059093,1인분,10분 이내,아무나,[재료]올리브오일1바퀴구매대파1줌구매계란4개구매고추2개구매후추약간구매간장2스푼구매식초2스푼구매설탕1스푼구매,양념 없음
7059092,2인분,10분 이내,아무나,[재료]올리브오일약간구매대파1줌구매양파1/2개구매애호박1개구매새우젓1스푼구매소금약간구매,양념 없음
7059091,2인분,15분 이내,아무나,[재료]두부1모구매간장4스푼구매물4스푼구매설탕1스푼구매후추약간구매대파1줌구매참기름약간구매식용유약간구매,양념 없음
7059090,2인분,10분 이내,아무나,[재료]대파1줌구매양배추1줌구매고춧가루1스푼구매굴소스1스푼구매알룰로스1/2스푼구매후추약간구매계란1개구매참기름1바퀴구매식용유약간구매,양념 없음
7059089,3인분,30분 이내,아무나,[재료]아욱200g구매쌀가루이유식 중기구매소고기육수큐브구매물구매소고기큐브구매,양념 없음
7059088,2인분,10분 이내,아무나,[재료]돼지고기 불고기1/2근구매설탕1스푼구매간장4스푼구매맛술3스푼구매다진마늘1스푼구매대파1줌구매참기름2스푼구매후추약간구매,양념 없음
7059087,2인분,15분 이내,아무나,[재료]김치밥공기1공기구매돈가스1덩어리구매참기름2스푼구매양파1개구매대파약간구매설탕1스푼구매물350ML구매멸치액젓1스푼구매고춧가루2스푼구매간장1스푼구매굴소스1스푼구매계란2개구매,양념 없음
7059086,2인분,15분 이내,아무나,[사라다빵 재료]양배추1줌구매오이1/2개구매설탕1스푼구매식초0.5스푼구매소금약간구매마요네즈4스푼구매머스타드1스푼구매식빵2장구매케찹약간구매[김치볶음밥 간단버전]신김치1밥공기구매설탕1스푼구매간장1스푼구매밥1공기구매참기름약간구매,양념 없음
7059084,4인분,60분 이내,아무나,[재료]묵은지1/2포기구매간장4T구매굴소스2T구매설탕1T구매후추0.3T구매고춧가루2T구매다진마늘1T구매대파0.5개구매양파0.5개구매,양념 없음
7059083,2인분,30분 이내,아무나,[재료]밥2공기구매양파1/2개구매당근1/2개구매부추1/4줌구매식용유1큰술구매소금약간구매참치캔1캔구매통깨약간구매김가루약간구매,양념 없음
7059082,6인분 이상,30분 이내,초급,[재료]꽈리고추300g구매잔멸치80g구매[양념]양조간장1.5T구매맛술2T구매고춧가루1.5T구매다진마늘1T구매참기름1T구매통깨1T구매원당1T구매올리고당1T구매들기름1T구매,양념 없음
7059081,2인분,20분 이내,초급,[재료]한우등심2장구매애호박3-4cm1토막구매토마토1/2개구매새송이버섯1개구매계란2개구매후추약간구매야끼니꾸소스3-4스푼구매[고기 밑간 ]소금2꼬집구매올리브오일2스푼구매,양념 없음
7059080,2인분,15분 이내,아무나,[치즈 계란 오믈렛 재료]모짜렐라치즈넉넉히구매계란3개구매토마토2개구매슬라이스치즈2장구매옥수수적당히구매바질 페스토2큰술구매파슬리가루조금구매할라피뇨조금구매피클조금구매,양념 없음
7059079,1인분,20분 이내,초급,[면]스파게티면1인분구매[고기]소고기 불고기용80g구매[채소]대파1/2대구매[기본 양념]간장1스푼구매굴소스1스푼구매참기름1스푼구매소금1스푼구매식용유약간구매[소스/베이스]코코넛밀크또는 우유 1/2컵1/2컵구매[기타]물1.5L구매,양념 없음
7059078,1인분,15분 이내,초급,[재료]가지1개구매공기밥1개구매올리브유1T구매쪽파조금구매[양념장]간장2T구매맛술2T구매알룰로스2T구매연두2T구매,양념 없음
7059077,3인분,20분 이내,초급,[재료]식빵6장구매참치캔90g3캔구매양파1/2개구매마요네즈2T구매그릭요거트1T구매레몬즙1/2T구매통후추구매소금구매슬라이스치즈3장구매토마토2개구매,양념 없음
7059076,2인분,20분 이내,초급,[재료]가지2개구매토마토2개구매대파1대구매베이컨2줄구매삼겹살150g구매통후추구매청주20ml구매미소된장1T구매케찹4T구매,양념 없음
7059075,3인분,20분 이내,초급,[재료]소고기400g구매대파1대구매양파1/2개구매당근40g구매당면50g구매팽이버섯1봉구매물300ml구매[불고기양념]배130g구매진간장5T구매미림2T구매매실액1T구매설탕2T구매참기름1T구매간마늘1T구매순후추구매,양념 없음
7059074,4인분,60분 이내,초급,[재료]닭1kg구매물데칠용1.5L구매월계수잎3~4장구매통후추1작은술구매대파1대구매감자2~3개구매당근1/2개구매양파1/2개구매물350ml구매[양념 만들기]진간장9큰술구매고춧가루4큰술구매고추장2큰술구매미림1큰술구매올리고당5큰술구매다진마늘1큰술구매다진생강또는 생강가루1작은술구매후추소량구매,양념 없음
7059073,2인분,30분 이내,초급,[재료]식빵3장구매샐러드2컵구매발사믹식초1T구매올리브오일1T구매토마토1개구매계란2개구매소세지8개구매베이컨4장구매아보카도1/2개구매홀그레인머스타드2tsp구매파다노치즈구매,양념 없음
7059072,3인분,30분 이내,초급,[재료]우엉300g구매참기름1.5T구매식용유1T구매마스코바도1T구매참치액1T구매진간장3T구매미림1T구매물200ml구매간마늘1/2T구매알룰로스3T구매통깨1T구매,양념 없음
7059071,3인분,10분 이내,아무나,[재료]가지2줌1개구매다진 마늘1/2큰술구매국간장2큰술구매참기름1큰술구매깨1큰술구매,양념 없음
7059070,1인분,30분 이내,중급,[재료]파스타면바닐라엔젤헤어1-2인분구매대파1줌구매팽이버섯1/3개구매들깨가루1큰술구매들기름1스푼구매쯔유1스푼구매액젓1스푼구매식초1스푼구매,양념 없음
7059069,1인분,30분 이내,아무나,[주 재료]오이또는 이상 그 이하20개구매굵은소금200ml 컵 기준2컵구매물엿200ml 컵 기준3컵구매식초200ml 컵 기준2컵구매소주200ml 컵 기준1컵구매,양념 없음
7059068,4인분,15분 이내,아무나,[재료]하얀 양송이버섯12개구매갈색 양송이버섯12개구매노랑 파프리카1개구매양파1/2개구매[양념]다시마물50ml구매간장1T구매굴소스1T구매매실액1T구매,양념 없음
7059067,4인분,20분 이내,아무나,[재료]단호박850g구매찬밥250g구매찰옥수수생략가능1개구매,양념 없음
7059066,4인분,15분 이내,아무나,[재료]영양부추250g구매당근약간구매양파1/4개구매[양념]액젓1.5T구매매실액1T구매생강청1/3T구매깨1/2T구매,양념 없음
7059065,1인분,20분 이내,아무나,[주 재료]다진마늘1큰술구매백 간장4큰술구매식초4큰술구매고춧가루2큰술구매설탕2큰술구매,양념 없음
7059064,2인분,60분 이내,초급,[재료]미니단호박2/3통구매양파35g구매쌀100g구매브로콜리브로콜리는 양을 좀 더 늘려주셔도 좋아요60g구매육수1L구매,양념 없음
7059063,1인분,30분 이내,아무나,[주 재료]두부순두부 가능1팩구매쯔유1T구매꿀1T구매불닭소스1.2T구매올리브오일2T구매들기름1T구매통깨약간구매,양념 없음
7059062,1인분,30분 이내,아무나,[주 재료]플레인요거트400g구매레몬즙5큰술구매스테비아꿀 대체가능2큰술구매마요네즈전 논콜마요 사용2큰술구매와사비파우더일반 와사비 가능적당량구매크래미1인분구매당근1인분구매옥수수1인분구매,양념 없음
7059061,1인분,20분 이내,아무나,[재료]그린올리브또는 블랙올리브1통구매양파채썰어서 준비1/2개구매화이트발사믹1큰술구매고춧가루1큰술구매꿀2스푼구매,양념 없음
7059060,4인분,30분 이내,초급,[주 재료]피망3~4개구매파프리카빨강 노랑 각각 1개씩2개구매돼지고기잡채용300g구매[고기양념 재료]안매운 양념장1T구매간장1T구매설탕대체당 가능구매전분가루1T구매[야채양념 재료]간장1T구매설탕대체당 가능1T구매전분가루1T구매,양념 없음
7059059,1인분,30분 이내,아무나,[주 재료]어묵아이 2인분 기준1장구매야채집에 있는 야채1줌구매밥1공기구매육수가루1포구매고추장1T구매알룰로스1T구매참기름약간구매통깨약간구매김가루취향껏구매,양념 없음
7059058,1인분,30분 이내,아무나,[주 재료]진미채100g구매야채 4가지남아있는 야채30g구매고추장안매운것2T구매양념장안매운것1T구매알룰로스1T구매간장생략가능취향껏구매후추약간구매참기름또는 들기름약간구매통깨약간구매,양념 없음
7059057,2인분,15분 이내,아무나,[재료]익은 김치200g구매오이1개구매동치미육수2봉지구매참기름1/2큰술구매매실액1/2큰술구매소면2인분구매,양념 없음
7059056,2인분,10분 이내,아무나,[재료]불닭볶음면2봉지구매냉면육수600ml 냉동 후 사용2봉지구매식초1밥숟가락구매설탕0.5밥숟가락구매[고명]삶은 계란1알구매닭가슴살100g1팩구매오이1/2개구매[부재료]땅콩버터생략 또는 아몬드버터로 대체가능1밥숟가락구매,양념 없음
7059054,4인분,5분 이내,중급,[재료]미니밤단호박1개구매튀김가루100ml구매계란1개구매물2T구매식용유넉넉히구매베이킹소다약간구매,양념 없음
7059053,4인분,10분 이내,중급,[재료]미역20g구매오이1개구매양파1/4개구매청양고추1개구매홍고추1개구매[냉국육수]냉면육수290ml구매물500ml구매식초3T구매참치액1.5T구매매실청4T구매통깨1T구매참기름0.5T구매,양념 없음
7059052,4인분,10분 이내,초급,[재료]오이2개구매청양고추2개구매홍고추1개구매무250g구매[절임물]설탕2T구매식초4T구매소금0.5T구매사이다300ml구매통후추1T구매,양념 없음
7059051,1인분,20분 이내,초급,[재료]명란2조각구매공기밥1구매무순약간구매녹차티백2개구매생수300ml구매들기름약간구매깻잎시즈닝1포구매소금약간구매부추약간구매,양념 없음
7059050,1인분,20분 이내,초급,[재료]도토리묵1팩구매냉면육수1봉지구매얼음넉넉히구매묵은지넉넉히구매설탕1스푼구매참기름1스푼구매통깨1스푼구매,양념 없음
7059049,4인분,60분 이내,중급,[재료]묵은지1/4포기구매통삼겹살750g구매대파1대구매양파1/2개구매청고추1개구매물500ml구매[고추장양념장]된장0.5스푼구매고추장1스푼구매고춧가루1스푼구매다진 마늘1스푼구매설탕1스푼구매맛술2스푼구매진간장2.5스푼구매,양념 없음
7059048,1인분,15분 이내,아무나,[참치쌈장 재료]참치85g구매된장1T구매저당 고추장0.5T구매알룰로스1T구매참기름0.5T구매대파흰 부분1대구매다진 마늘1T구매[다시마쌈 재료]참치쌈장구매다시마 쌈100g구매현미밥현미2 : 백미1130g구매,양념 없음
7059047,2인분,30분 이내,아무나,[주재료]우삼겹200g구매감자2알구매양파0.5개구매대파구매청양고추2개구매두부구매애호박1/2개구매[양념]맛술1스푼구매설탕0.5스푼구매진간장2스푼구매고춧가루2스푼구매된장0.5스푼구매고추장1스푼구매액젓1스푼구매미원구매,양념 없음
7059046,3인분,20분 이내,초급,[재료]계란7개구매소금약간구매깻잎시즈닝1포구매올리브오일약간구매케찹약간구매,양념 없음
7059045,6인분 이상,60분 이내,중급,[재료]양파4-6개구매부추1줌구매고추청양3-4개구매고추가루3큰술구매액젓고등어2스푼구매소금1스푼구매다진마늘1스푼구매식초사과1스푼구매조청3스푼구매깨3스푼구매,양념 없음
7059044,1인분,20분 이내,초급,[재료]삼색소면1인분구매열무김치넉넉히구매열무국물2컵구매통깨1스푼구매삶은계란1개구매설탕1스푼구매냉면육수1봉지구매,양념 없음
7059043,2인분,30분 이내,초급,[재료]한우1등급200g구매가지6개구매공기밥2구매들기름2스푼구매대파넉넉히구매굴소스2스푼구매통깨1스푼구매참기름1스푼구매[한우소고기 양념]간장1스푼구매맛술1스푼구매소금약간구매후춧가루약간구매,양념 없음
7059042,2인분,15분 이내,초급,[재료(계량:밥숟가락)]슬라이스햄샌드위치4장구매마요네스2큰술구매소스장조림소스1큰술구매김8장구매[밥양념소스]참기름1큰술구매깨1큰술구매맛소금0.5큰술구매,양념 없음
7059041,2인분,20분 이내,아무나,[주재료]감자구매튀김가루구매[양념]소금구매후추구매식용유구매,양념 없음
7059040,3인분,30분 이내,아무나,[주재료]냉동새우구매당근구매양파구매양배추구매피클구매[양념]마요네즈구매허니머스타드구매케첩구매소금구매후추구매밀가루또는 전분구매,양념 없음
7059039,3인분,30분 이내,아무나,[주재료]크래미구매오이구매[양념]마요네즈구매연겨자구매다진마늘구매소금구매설탕구매레몬즙또는 식초구매,양념 없음
7059038,3인분,30분 이내,아무나,[주재료]애호박구매삼겹살구매대파구매양파구매땡초구매홍고추구매[양념]고추장구매고춧가루구매간마늘구매새우젓구매국간장구매,양념 없음
7059037,2인분,30분 이내,아무나,[주재료]대패삼겹살구매양파구매쪽파또는 대파구매다진마늘구매[양념]고추장구매고춧가루구매설탕구매간장구매굴소스구매참기름구매,양념 없음
7059036,3인분,30분 이내,아무나,[주재료]한우등심구매치즈구매계란구매청상추구매피클구매양파구매[양념]밀가루또는 전분구매소금구매후추구매마요네즈구매케첩구매허니머스터드구매,양념 없음
7059035,2인분,30분 이내,초급,[재료]계란3개구매물계란과 동량구매조각다시마1개구매당근약간구매대파약간구매맛술1스푼구매참치액1스푼구매소금부족한 간약간구매통깨약간구매참기름용기에 바르기약간구매,양념 없음
7059034,2인분,15분 이내,초급,[재료]세발나물넉넉히2줌구매참치액젓0.5숟가락구매들기름0.5숟가락구매통깨듬뿍구매[*세척]식초1~2숟가락구매[*데치기]굵은소금0.5숟가락구매,양념 없음
7059033,2인분,30분 이내,아무나,[재료]고구마구매물적당량구매,양념 없음
7059032,1인분,5분 이내,아무나,[재료]초당옥수수1개구매버터0.5스푼구매마요네즈0.7스푼구매설탕0.3스푼구매고춧가루약간구매파슬리가루약간구매,양념 없음
7059031,2인분,30분 이내,초급,[재료]두부찌개용300g구매느타리버섯1줌구매양파1/2개구매고추2개구매대파1/3대구매다진마늘1큰술구매육수1컵구매전분물구매참기름1/2큰술구매[양념]범일쌈장순1.5큰술구매맛술2큰술구매간장1큰술구매설탕1/2큰술구매생강가루1/4작은술구매소금약간구매후추약간구매,양념 없음
7059030,4인분,30분 이내,초급,[주재료]감자중간 크기5개구매참치캔1개구매양파1개구매청양고추2개구매포도씨유2큰술구매물1컵구매[양념장 재료]진간장2큰술구매참치액젓2큰술구매설탕2큰술구매다진 마늘1큰술구매고춧가루2큰술구매맛술1큰술구매후춧가루약간구매,양념 없음
7059029,4인분,20분 이내,초급,[재료]김5장구매밥3공기구매맛살1봉지구매오이1개구매계란5개구매단무지1팩구매우엉1팩구매소금1t구매참기름3t구매통깨약간구매햄1팩구매어묵3장구매,양념 없음
